created_at,model_version,season,team,exp_points,p_title,p_top4,p_relegation
2026-10-09T14:22:37,dc-2026-10-09-78dd3802,2026/27,Man City,80.3062,0.5427,0.9903,0.0
2026-10-09T14:22:37,dc-2026-10-09-78dd3802,2026/27,Arsenal,78.9055,0.42,0.9843,0.0
2026-10-09T14:22:37,dc-2026-10-09-78dd3802,2026/27,Liverpool,64.9727,0.0237,0.5884,0.0003
2026-10-09T14:22:37,dc-2026-10-09-78dd3802,2026/27,Brighton,60.2228,0.0048,0.3341,0.0016
2026-10-09T14:22:37,dc-2026-10-09-78dd3802,2026/27,Hull,58.9759,0.0032,0.2518,0.002
2026-10-09T14:22:37,dc-2026-10-09-78dd3802,2026/27,Chelsea,57.0544,0.001,0.1747,0.0052
2026-10-09T14:22:37,dc-2026-10-09-78dd3802,2026/27,Brentford,56.9958,0.002,0.1867,0.0029
2026-10-09T14:22:37,dc-2026-10-09-78dd3802,2026/27,Newcastle,56.2736,0.0015,0.1517,0.0043
2026-10-09T14:22:37,dc-2026-10-09-78dd3802,2026/27,Leeds,54.4574,0.0005,0.0943,0.0082
2026-10-09T14:22:37,dc-2026-10-09-78dd3802,2026/27,Man United,53.9376,0.0002,0.0963,0.0114
2026-10-09T14:22:37,dc-2026-10-09-78dd3802,2026/27,Aston Villa,51.256,0.0002,0.0431,0.0275
2026-10-09T14:22:37,dc-2026-10-09-78dd3802,2026/27,Bournemouth,50.9135,0.0002,0.0441,0.032
2026-10-09T14:22:37,dc-2026-10-09-78dd3802,2026/27,Everton,50.7538,0.0,0.035,0.0261
2026-10-09T14:22:37,dc-2026-10-09-78dd3802,2026/27,Nott'm Forest,47.3096,0.0,0.0142,0.0682
2026-10-09T14:22:37,dc-2026-10-09-78dd3802,2026/27,Sunderland,44.2579,0.0,0.0044,0.1517
2026-10-09T14:22:37,dc-2026-10-09-78dd3802,2026/27,Fulham,43.4528,0.0,0.0031,0.1726
2026-10-09T14:22:37,dc-2026-10-09-78dd3802,2026/27,Crystal Palace,42.9628,0.0,0.0026,0.2034
2026-10-09T14:22:37,dc-2026-10-09-78dd3802,2026/27,Tottenham,39.7767,0.0,0.0009,0.3671
2026-10-09T14:22:37,dc-2026-10-09-78dd3802,2026/27,Ipswich,29.4115,0.0,0.0,0.9155
2026-10-09T14:22:37,dc-2026-10-09-78dd3802,2026/27,Coventry,15.0766,0.0,0.0,1.0
