prediction_id,created_at,model_version,season,home_team,away_team,p_home,p_draw,p_away,exp_home_goals,exp_away_goals,most_likely_score,most_likely_score_prob,predicted_result
2026/27|Arsenal|Aston Villa|20261009T113919Z,2026-10-09T11:39:19,dc-2026-10-09-78dd3802,2026/27,Arsenal,Aston Villa,0.6403,0.2323,0.1274,1.929,0.754,2-0,0.1272,home
2026/27|Arsenal|Bournemouth|20261009T113919Z,2026-10-09T11:39:19,dc-2026-10-09-78dd3802,2026/27,Arsenal,Bournemouth,0.6304,0.2378,0.1319,1.884,0.755,2-0,0.1268,home
2026/27|Arsenal|Brentford|20261009T113919Z,2026-10-09T11:39:19,dc-2026-10-09-78dd3802,2026/27,Arsenal,Brentford,0.6258,0.2364,0.1378,1.911,0.795,2-0,0.122,home
2026/27|Arsenal|Brighton|20261009T113919Z,2026-10-09T11:39:19,dc-2026-10-09-78dd3802,2026/27,Arsenal,Brighton,0.6044,0.2452,0.1503,1.846,0.822,2-0,0.1182,home
2026/27|Arsenal|Crystal Palace|20261009T113919Z,2026-10-09T11:39:19,dc-2026-10-09-78dd3802,2026/27,Arsenal,Crystal Palace,0.6986,0.2086,0.0928,2.06,0.632,2-0,0.1437,home
2026/27|Arsenal|Everton|20261009T113919Z,2026-10-09T11:39:19,dc-2026-10-09-78dd3802,2026/27,Arsenal,Everton,0.6207,0.2619,0.1174,1.642,0.584,1-0,0.1658,home
2026/27|Arsenal|Fulham|20261009T113919Z,2026-10-09T11:39:19,dc-2026-10-09-78dd3802,2026/27,Arsenal,Fulham,0.6691,0.2263,0.1046,1.923,0.639,2-0,0.1427,home
2026/27|Arsenal|Hull|20261009T113919Z,2026-10-09T11:39:19,dc-2026-10-09-78dd3802,2026/27,Arsenal,Hull,0.4972,0.3318,0.1711,1.212,0.602,1-0,0.1845,home
2026/27|Arsenal|Ipswich|20261009T113919Z,2026-10-09T11:39:19,dc-2026-10-09-78dd3802,2026/27,Arsenal,Ipswich,0.8613,0.105,0.0338,3.06,0.541,3-0,0.1304,home
2026/27|Arsenal|Leeds|20261009T113919Z,2026-10-09T11:39:19,dc-2026-10-09-78dd3802,2026/27,Arsenal,Leeds,0.6219,0.2505,0.1276,1.757,0.678,1-0,0.1424,home
2026/27|Arsenal|Liverpool|20261009T113919Z,2026-10-09T11:39:19,dc-2026-10-09-78dd3802,2026/27,Arsenal,Liverpool,0.5507,0.2623,0.1869,1.722,0.918,1-1,0.1253,home
2026/27|Arsenal|Man City|20261009T113919Z,2026-10-09T11:39:19,dc-2026-10-09-78dd3802,2026/27,Arsenal,Man City,0.4364,0.2967,0.2669,1.397,1.043,1-1,0.141,home
2026/27|Arsenal|Man United|20261009T113919Z,2026-10-09T11:39:19,dc-2026-10-09-78dd3802,2026/27,Arsenal,Man United,0.6242,0.2361,0.1397,1.918,0.808,2-0,0.1205,home
2026/27|Arsenal|Newcastle|20261009T113919Z,2026-10-09T11:39:19,dc-2026-10-09-78dd3802,2026/27,Arsenal,Newcastle,0.6459,0.2218,0.1323,2.053,0.835,2-0,0.1173,home
2026/27|Arsenal|Nott'm Forest|20261009T113919Z,2026-10-09T11:39:19,dc-2026-10-09-78dd3802,2026/27,Arsenal,Nott'm Forest,0.6451,0.2391,0.1158,1.833,0.656,1-0,0.1411,home
2026/27|Arsenal|Sunderland|20261009T113919Z,2026-10-09T11:39:19,dc-2026-10-09-78dd3802,2026/27,Arsenal,Sunderland,0.6731,0.2284,0.0985,1.882,0.592,2-0,0.1492,home
2026/27|Arsenal|Tottenham|20261009T113919Z,2026-10-09T11:39:19,dc-2026-10-09-78dd3802,2026/27,Arsenal,Tottenham,0.724,0.1903,0.0857,2.237,0.662,2-0,0.1378,home
2026/27|Aston Villa|Bournemouth|20261009T113919Z,2026-10-09T11:39:19,dc-2026-10-09-78dd3802,2026/27,Aston Villa,Bournemouth,0.4093,0.2723,0.3183,1.546,1.343,1-1,0.1282,home
2026/27|Aston Villa|Brentford|20261009T113919Z,2026-10-09T11:39:19,dc-2026-10-09-78dd3802,2026/27,Aston Villa,Brentford,0.4,0.2678,0.3322,1.568,1.414,1-1,0.1248,home
2026/27|Aston Villa|Brighton|20261009T113919Z,2026-10-09T11:39:19,dc-2026-10-09-78dd3802,2026/27,Aston Villa,Brighton,0.3771,0.2688,0.3541,1.515,1.463,1-1,0.1252,home
2026/27|Aston Villa|Chelsea|20261009T113919Z,2026-10-09T11:39:19,dc-2026-10-09-78dd3802,2026/27,Aston Villa,Chelsea,0.4065,0.2569,0.3366,1.677,1.513,1-1,0.116,home
2026/27|Aston Villa|Coventry|20261009T113919Z,2026-10-09T11:39:19,dc-2026-10-09-78dd3802,2026/27,Aston Villa,Coventry,0.7816,0.1859,0.0326,1.924,0.239,1-0,0.2154,home
2026/27|Aston Villa|Crystal Palace|20261009T113919Z,2026-10-09T11:39:19,dc-2026-10-09-78dd3802,2026/27,Aston Villa,Crystal Palace,0.4934,0.2659,0.2407,1.691,1.125,1-1,0.1264,home
2026/27|Aston Villa|Everton|20261009T113919Z,2026-10-09T11:39:19,dc-2026-10-09-78dd3802,2026/27,Aston Villa,Everton,0.4238,0.3018,0.2744,1.348,1.039,1-1,0.1429,home
2026/27|Aston Villa|Fulham|20261009T113919Z,2026-10-09T11:39:19,dc-2026-10-09-78dd3802,2026/27,Aston Villa,Fulham,0.4625,0.2764,0.2611,1.578,1.137,1-1,0.1319,home
2026/27|Aston Villa|Hull|20261009T113919Z,2026-10-09T11:39:19,dc-2026-10-09-78dd3802,2026/27,Aston Villa,Hull,0.3143,0.3321,0.3536,0.994,1.07,1-1,0.1499,away
2026/27|Aston Villa|Ipswich|20261009T113919Z,2026-10-09T11:39:19,dc-2026-10-09-78dd3802,2026/27,Aston Villa,Ipswich,0.7024,0.1819,0.1157,2.511,0.962,2-0,0.0978,home
2026/27|Aston Villa|Leeds|20261009T113919Z,2026-10-09T11:39:19,dc-2026-10-09-78dd3802,2026/27,Aston Villa,Leeds,0.4117,0.2862,0.3022,1.442,1.206,1-1,0.1367,home
2026/27|Aston Villa|Liverpool|20261009T113919Z,2026-10-09T11:39:19,dc-2026-10-09-78dd3802,2026/27,Aston Villa,Liverpool,0.3201,0.2635,0.4164,1.413,1.634,1-1,0.1218,away
2026/27|Aston Villa|Man City|20261009T113919Z,2026-10-09T11:39:19,dc-2026-10-09-78dd3802,2026/27,Aston Villa,Man City,0.222,0.2502,0.5278,1.146,1.855,1-1,0.1174,away
2026/27|Aston Villa|Man United|20261009T113919Z,2026-10-09T11:39:19,dc-2026-10-09-78dd3802,2026/27,Aston Villa,Man United,0.3969,0.2664,0.3367,1.574,1.437,1-1,0.1237,home
2026/27|Aston Villa|Newcastle|20261009T113919Z,2026-10-09T11:39:19,dc-2026-10-09-78dd3802,2026/27,Aston Villa,Newcastle,0.4138,0.2575,0.3287,1.685,1.486,1-1,0.1167,home
2026/27|Aston Villa|Sunderland|20261009T113919Z,2026-10-09T11:39:19,dc-2026-10-09-78dd3802,2026/27,Aston Villa,Sunderland,0.4733,0.2814,0.2454,1.545,1.053,1-1,0.1344,home
2026/27|Aston Villa|Tottenham|20261009T113919Z,2026-10-09T11:39:19,dc-2026-10-09-78dd3802,2026/27,Aston Villa,Tottenham,0.5161,0.252,0.2319,1.836,1.177,1-1,0.1179,home
2026/27|Bournemouth|Arsenal|20261009T113919Z,2026-10-09T11:39:19,dc-2026-10-09-78dd3802,2026/27,Bournemouth,Arsenal,0.1967,0.2767,0.5266,0.891,1.597,1-1,0.1313,away
2026/27|Bournemouth|Aston Villa|20261009T113919Z,2026-10-09T11:39:19,dc-2026-10-09-78dd3802,2026/27,Bournemouth,Aston Villa,0.4258,0.2708,0.3035,1.585,1.31,1-1,0.1275,home
2026/27|Bournemouth|Brighton|20261009T113919Z,2026-10-09T11:39:19,dc-2026-10-09-78dd3802,2026/27,Bournemouth,Brighton,0.3842,0.2704,0.3454,1.517,1.429,1-1,0.1265,home
2026/27|Bournemouth|Chelsea|20261009T113919Z,2026-10-09T11:39:19,dc-2026-10-09-78dd3802,2026/27,Bournemouth,Chelsea,0.4139,0.2581,0.328,1.679,1.478,1-1,0.1172,home
2026/27|Bournemouth|Coventry|20261009T113919Z,2026-10-09T11:39:19,dc-2026-10-09-78dd3802,2026/27,Bournemouth,Coventry,0.7836,0.1848,0.0316,1.927,0.233,1-0,0.2165,home
2026/27|Bournemouth|Crystal Palace|20261009T113919Z,2026-10-09T11:39:19,dc-2026-10-09-78dd3802,2026/27,Bournemouth,Crystal Palace,0.4999,0.2659,0.2341,1.693,1.099,1-1,0.1266,home
2026/27|Bournemouth|Fulham|20261009T113919Z,2026-10-09T11:39:19,dc-2026-10-09-78dd3802,2026/27,Bournemouth,Fulham,0.469,0.2768,0.2542,1.58,1.11,1-1,0.1322,home
2026/27|Bournemouth|Hull|20261009T113919Z,2026-10-09T11:39:19,dc-2026-10-09-78dd3802,2026/27,Bournemouth,Hull,0.3198,0.3344,0.3458,0.995,1.046,1-1,0.1501,away
2026/27|Bournemouth|Ipswich|20261009T113919Z,2026-10-09T11:39:19,dc-2026-10-09-78dd3802,2026/27,Bournemouth,Ipswich,0.7078,0.1804,0.1118,2.514,0.939,2-0,0.1,home
2026/27|Bournemouth|Leeds|20261009T113919Z,2026-10-09T11:39:19,dc-2026-10-09-78dd3802,2026/27,Bournemouth,Leeds,0.4182,0.2872,0.2946,1.444,1.178,1-1,0.1372,home
2026/27|Bournemouth|Man City|20261009T113919Z,2026-10-09T11:39:19,dc-2026-10-09-78dd3802,2026/27,Bournemouth,Man City,0.2283,0.2542,0.5174,1.147,1.812,1-1,0.1197,away
2026/27|Bournemouth|Man United|20261009T113919Z,2026-10-09T11:39:19,dc-2026-10-09-78dd3802,2026/27,Bournemouth,Man United,0.4041,0.2677,0.3282,1.576,1.404,1-1,0.1248,home
2026/27|Bournemouth|Newcastle|20261009T113919Z,2026-10-09T11:39:19,dc-2026-10-09-78dd3802,2026/27,Bournemouth,Newcastle,0.4213,0.2586,0.3202,1.687,1.452,1-1,0.1179,home
2026/27|Bournemouth|Nott'm Forest|20261009T113919Z,2026-10-09T11:39:19,dc-2026-10-09-78dd3802,2026/27,Bournemouth,Nott'm Forest,0.4431,0.283,0.2739,1.506,1.14,1-1,0.1352,home
2026/27|Bournemouth|Sunderland|20261009T113919Z,2026-10-09T11:39:19,dc-2026-10-09-78dd3802,2026/27,Bournemouth,Sunderland,0.4795,0.2816,0.2389,1.546,1.029,1-1,0.1345,home
2026/27|Bournemouth|Tottenham|20261009T113919Z,2026-10-09T11:39:19,dc-2026-10-09-78dd3802,2026/27,Bournemouth,Tottenham,0.5229,0.2518,0.2253,1.838,1.15,1-1,0.1183,home
2026/27|Brentford|Arsenal|20261009T113919Z,2026-10-09T11:39:19,dc-2026-10-09-78dd3802,2026/27,Brentford,Arsenal,0.2054,0.2743,0.5203,0.939,1.619,1-1,0.1307,away
2026/27|Brentford|Aston Villa|20261009T113919Z,2026-10-09T11:39:19,dc-2026-10-09-78dd3802,2026/27,Brentford,Aston Villa,0.4428,0.2637,0.2935,1.669,1.329,1-1,0.1228,home
2026/27|Brentford|Bournemouth|20261009T113919Z,2026-10-09T11:39:19,dc-2026-10-09-78dd3802,2026/27,Brentford,Bournemouth,0.433,0.2666,0.3004,1.631,1.33,1-1,0.1247,home
2026/27|Brentford|Brighton|20261009T113919Z,2026-10-09T11:39:19,dc-2026-10-09-78dd3802,2026/27,Brentford,Brighton,0.4002,0.2644,0.3354,1.598,1.449,1-1,0.1221,home
2026/27|Brentford|Coventry|20261009T113919Z,2026-10-09T11:39:19,dc-2026-10-09-78dd3802,2026/27,Brentford,Coventry,0.8001,0.1708,0.0291,2.03,0.237,2-0,0.2136,home
2026/27|Brentford|Crystal Palace|20261009T113919Z,2026-10-09T11:39:19,dc-2026-10-09-78dd3802,2026/27,Brentford,Crystal Palace,0.5182,0.257,0.2248,1.783,1.115,1-1,0.1217,home
2026/27|Brentford|Everton|20261009T113919Z,2026-10-09T11:39:19,dc-2026-10-09-78dd3802,2026/27,Brentford,Everton,0.4463,0.2946,0.2591,1.421,1.029,1-1,0.1401,home
2026/27|Brentford|Fulham|20261009T113919Z,2026-10-09T11:39:19,dc-2026-10-09-78dd3802,2026/27,Brentford,Fulham,0.4866,0.2684,0.245,1.664,1.126,1-1,0.1278,home
2026/27|Brentford|Hull|20261009T113919Z,2026-10-09T11:39:19,dc-2026-10-09-78dd3802,2026/27,Brentford,Hull,0.3327,0.3286,0.3387,1.049,1.06,1-1,0.1498,away
2026/27|Brentford|Ipswich|20261009T113919Z,2026-10-09T11:39:19,dc-2026-10-09-78dd3802,2026/27,Brentford,Ipswich,0.7269,0.1691,0.104,2.649,0.953,2-0,0.0957,home
2026/27|Brentford|Leeds|20261009T113919Z,2026-10-09T11:39:19,dc-2026-10-09-78dd3802,2026/27,Brentford,Leeds,0.4347,0.2799,0.2854,1.521,1.195,1-1,0.1335,home
2026/27|Brentford|Liverpool|20261009T113919Z,2026-10-09T11:39:19,dc-2026-10-09-78dd3802,2026/27,Brentford,Liverpool,0.3415,0.2614,0.3971,1.49,1.618,1-1,0.1196,away
2026/27|Brentford|Man City|20261009T113919Z,2026-10-09T11:39:19,dc-2026-10-09-78dd3802,2026/27,Brentford,Man City,0.2389,0.2517,0.5094,1.209,1.838,1-1,0.1172,away
2026/27|Brentford|Man United|20261009T113919Z,2026-10-09T11:39:19,dc-2026-10-09-78dd3802,2026/27,Brentford,Man United,0.4206,0.2613,0.318,1.66,1.424,1-1,0.1201,home
2026/27|Brentford|Newcastle|20261009T113919Z,2026-10-09T11:39:19,dc-2026-10-09-78dd3802,2026/27,Brentford,Newcastle,0.4385,0.2519,0.3096,1.777,1.472,1-1,0.1127,home
2026/27|Brentford|Nott'm Forest|20261009T113919Z,2026-10-09T11:39:19,dc-2026-10-09-78dd3802,2026/27,Brentford,Nott'm Forest,0.4601,0.2752,0.2647,1.586,1.156,1-1,0.1312,home
2026/27|Brighton|Bournemouth|20261009T113919Z,2026-10-09T11:39:19,dc-2026-10-09-78dd3802,2026/27,Brighton,Bournemouth,0.4564,0.2635,0.2801,1.687,1.285,1-1,0.1232,home
2026/27|Brighton|Brentford|20261009T113919Z,2026-10-09T11:39:19,dc-2026-10-09-78dd3802,2026/27,Brighton,Brentford,0.4474,0.2599,0.2927,1.711,1.354,1-1,0.12,home
2026/27|Brighton|Chelsea|20261009T113919Z,2026-10-09T11:39:19,dc-2026-10-09-78dd3802,2026/27,Brighton,Chelsea,0.4555,0.249,0.2955,1.829,1.449,1-1,0.111,home
2026/27|Brighton|Coventry|20261009T113919Z,2026-10-09T11:39:19,dc-2026-10-09-78dd3802,2026/27,Brighton,Coventry,0.8133,0.1606,0.0261,2.099,0.229,2-0,0.2148,home
2026/27|Brighton|Crystal Palace|20261009T113919Z,2026-10-09T11:39:19,dc-2026-10-09-78dd3802,2026/27,Brighton,Crystal Palace,0.5414,0.2509,0.2077,1.844,1.077,1-1,0.1188,home
2026/27|Brighton|Everton|20261009T113919Z,2026-10-09T11:39:19,dc-2026-10-09-78dd3802,2026/27,Brighton,Everton,0.4677,0.2904,0.2419,1.47,0.995,1-1,0.1381,home
2026/27|Brighton|Fulham|20261009T113919Z,2026-10-09T11:39:19,dc-2026-10-09-78dd3802,2026/27,Brighton,Fulham,0.5095,0.2632,0.2273,1.721,1.088,1-1,0.1253,home
2026/27|Brighton|Hull|20261009T113919Z,2026-10-09T11:39:19,dc-2026-10-09-78dd3802,2026/27,Brighton,Hull,0.3512,0.3283,0.3204,1.085,1.024,1-1,0.1497,home
2026/27|Brighton|Ipswich|20261009T113919Z,2026-10-09T11:39:19,dc-2026-10-09-78dd3802,2026/27,Brighton,Ipswich,0.7476,0.1593,0.093,2.739,0.92,2-0,0.0966,home
2026/27|Brighton|Liverpool|20261009T113919Z,2026-10-09T11:39:19,dc-2026-10-09-78dd3802,2026/27,Brighton,Liverpool,0.364,0.2621,0.3738,1.541,1.564,1-1,0.12,away
2026/27|Brighton|Man City|20261009T113919Z,2026-10-09T11:39:19,dc-2026-10-09-78dd3802,2026/27,Brighton,Man City,0.2578,0.2567,0.4855,1.25,1.775,1-1,0.1196,away
2026/27|Brighton|Man United|20261009T113919Z,2026-10-09T11:39:19,dc-2026-10-09-78dd3802,2026/27,Brighton,Man United,0.4444,0.2588,0.2968,1.717,1.375,1-1,0.119,home
2026/27|Brighton|Newcastle|20261009T113919Z,2026-10-09T11:39:19,dc-2026-10-09-78dd3802,2026/27,Brighton,Newcastle,0.463,0.2489,0.2881,1.838,1.422,1-1,0.1114,home
2026/27|Brighton|Nott'm Forest|20261009T113919Z,2026-10-09T11:39:19,dc-2026-10-09-78dd3802,2026/27,Brighton,Nott'm Forest,0.4828,0.2708,0.2464,1.641,1.117,1-1,0.1291,home
2026/27|Brighton|Sunderland|20261009T113919Z,2026-10-09T11:39:19,dc-2026-10-09-78dd3802,2026/27,Brighton,Sunderland,0.5196,0.2671,0.2133,1.685,1.008,1-1,0.1276,home
2026/27|Brighton|Tottenham|20261009T113919Z,2026-10-09T11:39:19,dc-2026-10-09-78dd3802,2026/27,Brighton,Tottenham,0.5655,0.236,0.1984,2.003,1.127,1-1,0.1096,home
2026/27|Chelsea|Arsenal|20261009T113919Z,2026-10-09T11:39:19,dc-2026-10-09-78dd3802,2026/27,Chelsea,Arsenal,0.206,0.2621,0.5319,1.004,1.731,1-1,0.1252,away
2026/27|Chelsea|Aston Villa|20261009T113919Z,2026-10-09T11:39:19,dc-2026-10-09-78dd3802,2026/27,Chelsea,Aston Villa,0.4513,0.2527,0.296,1.786,1.421,1-1,0.1141,home
2026/27|Chelsea|Bournemouth|20261009T113919Z,2026-10-09T11:39:19,dc-2026-10-09-78dd3802,2026/27,Chelsea,Bournemouth,0.4412,0.2555,0.3033,1.745,1.422,1-1,0.1161,home
2026/27|Chelsea|Brentford|20261009T113919Z,2026-10-09T11:39:19,dc-2026-10-09-78dd3802,2026/27,Chelsea,Brentford,0.4314,0.2516,0.3169,1.77,1.498,1-1,0.1121,home
2026/27|Chelsea|Coventry|20261009T113919Z,2026-10-09T11:39:19,dc-2026-10-09-78dd3802,2026/27,Chelsea,Coventry,0.8175,0.155,0.0275,2.171,0.253,2-0,0.2087,home
2026/27|Chelsea|Crystal Palace|20261009T113919Z,2026-10-09T11:39:19,dc-2026-10-09-78dd3802,2026/27,Chelsea,Crystal Palace,0.5295,0.2454,0.2251,1.908,1.192,1-1,0.1138,home
2026/27|Chelsea|Everton|20261009T113919Z,2026-10-09T11:39:19,dc-2026-10-09-78dd3802,2026/27,Chelsea,Everton,0.456,0.2827,0.2613,1.521,1.101,1-1,0.1351,home
2026/27|Chelsea|Fulham|20261009T113919Z,2026-10-09T11:39:19,dc-2026-10-09-78dd3802,2026/27,Chelsea,Fulham,0.4971,0.2568,0.2461,1.781,1.204,1-1,0.1204,home
2026/27|Chelsea|Ipswich|20261009T113919Z,2026-10-09T11:39:19,dc-2026-10-09-78dd3802,2026/27,Chelsea,Ipswich,0.7417,0.1573,0.1009,2.834,1.019,2-1,0.0868,home
2026/27|Chelsea|Leeds|20261009T113919Z,2026-10-09T11:39:19,dc-2026-10-09-78dd3802,2026/27,Chelsea,Leeds,0.4434,0.2685,0.2881,1.627,1.277,1-1,0.1264,home
2026/27|Chelsea|Liverpool|20261009T113919Z,2026-10-09T11:39:19,dc-2026-10-09-78dd3802,2026/27,Chelsea,Liverpool,0.3461,0.2507,0.4033,1.594,1.731,1-1,0.1102,away
2026/27|Chelsea|Man City|20261009T113919Z,2026-10-09T11:39:19,dc-2026-10-09-78dd3802,2026/27,Chelsea,Man City,0.2398,0.2405,0.5197,1.293,1.965,1-1,0.1085,away
2026/27|Chelsea|Man United|20261009T113919Z,2026-10-09T11:39:19,dc-2026-10-09-78dd3802,2026/27,Chelsea,Man United,0.4282,0.2505,0.3213,1.776,1.522,1-1,0.1109,home
2026/27|Chelsea|Newcastle|20261009T113919Z,2026-10-09T11:39:19,dc-2026-10-09-78dd3802,2026/27,Chelsea,Newcastle,0.4464,0.2413,0.3123,1.901,1.574,1-1,0.1029,home
2026/27|Chelsea|Nott'm Forest|20261009T113919Z,2026-10-09T11:39:19,dc-2026-10-09-78dd3802,2026/27,Chelsea,Nott'm Forest,0.4698,0.2637,0.2666,1.697,1.236,1-1,0.124,home
2026/27|Chelsea|Sunderland|20261009T113919Z,2026-10-09T11:39:19,dc-2026-10-09-78dd3802,2026/27,Chelsea,Sunderland,0.5082,0.2609,0.2308,1.743,1.116,1-1,0.1238,home
2026/27|Chelsea|Tottenham|20261009T113919Z,2026-10-09T11:39:19,dc-2026-10-09-78dd3802,2026/27,Chelsea,Tottenham,0.5534,0.2312,0.2154,2.072,1.247,1-1,0.1038,home
2026/27|Coventry|Arsenal|20261009T113919Z,2026-10-09T11:39:19,dc-2026-10-09-78dd3802,2026/27,Coventry,Arsenal,0.0193,0.165,0.8157,0.159,1.987,0-2,0.231,away
2026/27|Coventry|Aston Villa|20261009T113919Z,2026-10-09T11:39:19,dc-2026-10-09-78dd3802,2026/27,Coventry,Aston Villa,0.052,0.2389,0.7091,0.282,1.63,0-1,0.2334,away
2026/27|Coventry|Bournemouth|20261009T113919Z,2026-10-09T11:39:19,dc-2026-10-09-78dd3802,2026/27,Coventry,Bournemouth,0.0506,0.2378,0.7117,0.275,1.632,0-1,0.2349,away
2026/27|Coventry|Brentford|20261009T113919Z,2026-10-09T11:39:19,dc-2026-10-09-78dd3802,2026/27,Coventry,Brentford,0.0473,0.2232,0.7295,0.279,1.72,0-1,0.2258,away
2026/27|Coventry|Chelsea|20261009T113919Z,2026-10-09T11:39:19,dc-2026-10-09-78dd3802,2026/27,Coventry,Chelsea,0.0456,0.2063,0.7481,0.299,1.84,0-1,0.2097,away
2026/27|Coventry|Crystal Palace|20261009T113919Z,2026-10-09T11:39:19,dc-2026-10-09-78dd3802,2026/27,Coventry,Crystal Palace,0.0715,0.2916,0.6369,0.301,1.368,0-1,0.2492,away
2026/27|Coventry|Everton|20261009T113919Z,2026-10-09T11:39:19,dc-2026-10-09-78dd3802,2026/27,Coventry,Everton,0.0621,0.31,0.6278,0.24,1.263,0-1,0.2735,away
2026/27|Coventry|Fulham|20261009T113919Z,2026-10-09T11:39:19,dc-2026-10-09-78dd3802,2026/27,Coventry,Fulham,0.0656,0.287,0.6475,0.281,1.382,0-1,0.2539,away
2026/27|Coventry|Ipswich|20261009T113919Z,2026-10-09T11:39:19,dc-2026-10-09-78dd3802,2026/27,Coventry,Ipswich,0.1301,0.3398,0.5301,0.447,1.169,0-1,0.2207,away
2026/27|Coventry|Leeds|20261009T113919Z,2026-10-09T11:39:19,dc-2026-10-09-78dd3802,2026/27,Coventry,Leeds,0.0549,0.2673,0.6778,0.257,1.466,0-1,0.2544,away
2026/27|Coventry|Liverpool|20261009T113919Z,2026-10-09T11:39:19,dc-2026-10-09-78dd3802,2026/27,Coventry,Liverpool,0.0326,0.1789,0.7886,0.252,1.986,0-2,0.2104,away
2026/27|Coventry|Man City|20261009T113919Z,2026-10-09T11:39:19,dc-2026-10-09-78dd3802,2026/27,Coventry,Man City,0.0197,0.1383,0.842,0.204,2.255,0-2,0.2174,away
2026/27|Coventry|Man United|20261009T113919Z,2026-10-09T11:39:19,dc-2026-10-09-78dd3802,2026/27,Coventry,Man United,0.0463,0.2188,0.7349,0.28,1.747,0-1,0.2229,away
2026/27|Coventry|Newcastle|20261009T113919Z,2026-10-09T11:39:19,dc-2026-10-09-78dd3802,2026/27,Coventry,Newcastle,0.0473,0.2117,0.741,0.3,1.806,0-1,0.2125,away
2026/27|Coventry|Nott'm Forest|20261009T113919Z,2026-10-09T11:39:19,dc-2026-10-09-78dd3802,2026/27,Coventry,Nott'm Forest,0.0601,0.278,0.6618,0.268,1.419,0-1,0.2549,away
2026/27|Coventry|Sunderland|20261009T113919Z,2026-10-09T11:39:19,dc-2026-10-09-78dd3802,2026/27,Coventry,Sunderland,0.0705,0.3086,0.6209,0.275,1.281,0-1,0.262,away
2026/27|Coventry|Tottenham|20261009T113919Z,2026-10-09T11:39:19,dc-2026-10-09-78dd3802,2026/27,Coventry,Tottenham,0.0737,0.2808,0.6456,0.327,1.431,0-1,0.2378,away
2026/27|Crystal Palace|Arsenal|20261009T113919Z,2026-10-09T11:39:19,dc-2026-10-09-78dd3802,2026/27,Crystal Palace,Arsenal,0.1442,0.255,0.6009,0.746,1.746,0-1,0.1325,away
2026/27|Crystal Palace|Aston Villa|20261009T113919Z,2026-10-09T11:39:19,dc-2026-10-09-78dd3802,2026/27,Crystal Palace,Aston Villa,0.3356,0.281,0.3834,1.328,1.433,1-1,0.1336,away
2026/27|Crystal Palace|Bournemouth|20261009T113919Z,2026-10-09T11:39:19,dc-2026-10-09-78dd3802,2026/27,Crystal Palace,Bournemouth,0.3274,0.2825,0.3901,1.297,1.434,1-1,0.1345,away
2026/27|Crystal Palace|Brentford|20261009T113919Z,2026-10-09T11:39:19,dc-2026-10-09-78dd3802,2026/27,Crystal Palace,Brentford,0.3179,0.2761,0.406,1.316,1.511,1-1,0.1307,away
2026/27|Crystal Palace|Brighton|20261009T113919Z,2026-10-09T11:39:19,dc-2026-10-09-78dd3802,2026/27,Crystal Palace,Brighton,0.2975,0.2738,0.4286,1.271,1.563,1-1,0.1297,away
2026/27|Crystal Palace|Chelsea|20261009T113919Z,2026-10-09T11:39:19,dc-2026-10-09-78dd3802,2026/27,Crystal Palace,Chelsea,0.3216,0.2649,0.4135,1.407,1.617,1-1,0.1228,away
2026/27|Crystal Palace|Coventry|20261009T113919Z,2026-10-09T11:39:19,dc-2026-10-09-78dd3802,2026/27,Crystal Palace,Coventry,0.7141,0.2386,0.0473,1.614,0.255,1-0,0.2419,home
2026/27|Crystal Palace|Everton|20261009T113919Z,2026-10-09T11:39:19,dc-2026-10-09-78dd3802,2026/27,Crystal Palace,Everton,0.3464,0.3176,0.336,1.13,1.11,1-1,0.1483,home
2026/27|Crystal Palace|Fulham|20261009T113919Z,2026-10-09T11:39:19,dc-2026-10-09-78dd3802,2026/27,Crystal Palace,Fulham,0.3783,0.2952,0.3264,1.324,1.214,1-1,0.141,home
2026/27|Crystal Palace|Hull|20261009T113919Z,2026-10-09T11:39:19,dc-2026-10-09-78dd3802,2026/27,Crystal Palace,Hull,0.2517,0.3346,0.4137,0.834,1.143,0-0,0.153,away
2026/27|Crystal Palace|Leeds|20261009T113919Z,2026-10-09T11:39:19,dc-2026-10-09-78dd3802,2026/27,Crystal Palace,Leeds,0.3322,0.2982,0.3696,1.21,1.288,1-1,0.1423,away
2026/27|Crystal Palace|Liverpool|20261009T113919Z,2026-10-09T11:39:19,dc-2026-10-09-78dd3802,2026/27,Crystal Palace,Liverpool,0.247,0.2602,0.4928,1.185,1.745,1-1,0.1226,away
2026/27|Crystal Palace|Man United|20261009T113919Z,2026-10-09T11:39:19,dc-2026-10-09-78dd3802,2026/27,Crystal Palace,Man United,0.3149,0.2741,0.4111,1.321,1.535,1-1,0.1295,away
2026/27|Crystal Palace|Newcastle|20261009T113919Z,2026-10-09T11:39:19,dc-2026-10-09-78dd3802,2026/27,Crystal Palace,Newcastle,0.3285,0.2666,0.4049,1.413,1.587,1-1,0.1239,away
2026/27|Crystal Palace|Nott'm Forest|20261009T113919Z,2026-10-09T11:39:19,dc-2026-10-09-78dd3802,2026/27,Crystal Palace,Nott'm Forest,0.3548,0.2978,0.3475,1.262,1.246,1-1,0.1422,home
2026/27|Crystal Palace|Sunderland|20261009T113919Z,2026-10-09T11:39:19,dc-2026-10-09-78dd3802,2026/27,Crystal Palace,Sunderland,0.3899,0.3025,0.3076,1.296,1.125,1-1,0.1438,home
2026/27|Crystal Palace|Tottenham|20261009T113919Z,2026-10-09T11:39:19,dc-2026-10-09-78dd3802,2026/27,Crystal Palace,Tottenham,0.4258,0.2761,0.2981,1.54,1.258,1-1,0.1311,home
2026/27|Everton|Arsenal|20261009T113919Z,2026-10-09T11:39:19,dc-2026-10-09-78dd3802,2026/27,Everton,Arsenal,0.1719,0.303,0.5251,0.689,1.391,0-1,0.1605,away
2026/27|Everton|Aston Villa|20261009T113919Z,2026-10-09T11:39:19,dc-2026-10-09-78dd3802,2026/27,Everton,Aston Villa,0.3669,0.3074,0.3257,1.226,1.142,1-1,0.1456,home
2026/27|Everton|Bournemouth|20261009T113919Z,2026-10-09T11:39:19,dc-2026-10-09-78dd3802,2026/27,Everton,Bournemouth,0.3586,0.3097,0.3317,1.198,1.143,1-1,0.1463,home
2026/27|Everton|Brentford|20261009T113919Z,2026-10-09T11:39:19,dc-2026-10-09-78dd3802,2026/27,Everton,Brentford,0.3506,0.304,0.3454,1.215,1.204,1-1,0.1446,home
2026/27|Everton|Brighton|20261009T113919Z,2026-10-09T11:39:19,dc-2026-10-09-78dd3802,2026/27,Everton,Brighton,0.3308,0.3038,0.3654,1.174,1.245,1-1,0.1444,away
2026/27|Everton|Chelsea|20261009T113919Z,2026-10-09T11:39:19,dc-2026-10-09-78dd3802,2026/27,Everton,Chelsea,0.3563,0.2924,0.3513,1.299,1.288,1-1,0.1398,home
2026/27|Everton|Coventry|20261009T113919Z,2026-10-09T11:39:19,dc-2026-10-09-78dd3802,2026/27,Everton,Coventry,0.7022,0.2561,0.0417,1.491,0.203,1-0,0.2678,home
2026/27|Everton|Fulham|20261009T113919Z,2026-10-09T11:39:19,dc-2026-10-09-78dd3802,2026/27,Everton,Fulham,0.405,0.3182,0.2768,1.222,0.968,1-1,0.147,home
2026/27|Everton|Hull|20261009T113919Z,2026-10-09T11:39:19,dc-2026-10-09-78dd3802,2026/27,Everton,Hull,0.2753,0.3703,0.3544,0.77,0.911,0-0,0.2005,draw
2026/27|Everton|Leeds|20261009T113919Z,2026-10-09T11:39:19,dc-2026-10-09-78dd3802,2026/27,Everton,Leeds,0.3605,0.3251,0.3144,1.117,1.027,1-1,0.1493,home
2026/27|Everton|Liverpool|20261009T113919Z,2026-10-09T11:39:19,dc-2026-10-09-78dd3802,2026/27,Everton,Liverpool,0.2818,0.2953,0.4229,1.095,1.391,1-1,0.1408,away
2026/27|Everton|Man City|20261009T113919Z,2026-10-09T11:39:19,dc-2026-10-09-78dd3802,2026/27,Everton,Man City,0.1983,0.2788,0.5229,0.888,1.579,1-1,0.1321,away
2026/27|Everton|Newcastle|20261009T113919Z,2026-10-09T11:39:19,dc-2026-10-09-78dd3802,2026/27,Everton,Newcastle,0.3627,0.2935,0.3438,1.305,1.265,1-1,0.1403,home
2026/27|Everton|Nott'm Forest|20261009T113919Z,2026-10-09T11:39:19,dc-2026-10-09-78dd3802,2026/27,Everton,Nott'm Forest,0.3822,0.3227,0.2951,1.165,0.993,1-1,0.1484,home
2026/27|Everton|Sunderland|20261009T113919Z,2026-10-09T11:39:19,dc-2026-10-09-78dd3802,2026/27,Everton,Sunderland,0.4143,0.3247,0.2609,1.197,0.897,1-1,0.1469,home
2026/27|Everton|Tottenham|20261009T113919Z,2026-10-09T11:39:19,dc-2026-10-09-78dd3802,2026/27,Everton,Tottenham,0.453,0.2953,0.2517,1.422,1.002,1-1,0.1401,home
2026/27|Fulham|Arsenal|20261009T113919Z,2026-10-09T11:39:19,dc-2026-10-09-78dd3802,2026/27,Fulham,Arsenal,0.159,0.2705,0.5705,0.754,1.629,0-1,0.1378,away
2026/27|Fulham|Aston Villa|20261009T113919Z,2026-10-09T11:39:19,dc-2026-10-09-78dd3802,2026/27,Fulham,Aston Villa,0.3578,0.2866,0.3557,1.341,1.337,1-1,0.1368,home
2026/27|Fulham|Bournemouth|20261009T113919Z,2026-10-09T11:39:19,dc-2026-10-09-78dd3802,2026/27,Fulham,Bournemouth,0.3493,0.2884,0.3623,1.31,1.338,1-1,0.1377,away
2026/27|Fulham|Brentford|20261009T113919Z,2026-10-09T11:39:19,dc-2026-10-09-78dd3802,2026/27,Fulham,Brentford,0.3402,0.2825,0.3773,1.329,1.41,1-1,0.1345,away
2026/27|Fulham|Brighton|20261009T113919Z,2026-10-09T11:39:19,dc-2026-10-09-78dd3802,2026/27,Fulham,Brighton,0.3195,0.2814,0.3992,1.284,1.458,1-1,0.1339,away
2026/27|Fulham|Coventry|20261009T113919Z,2026-10-09T11:39:19,dc-2026-10-09-78dd3802,2026/27,Fulham,Coventry,0.7234,0.2335,0.0431,1.631,0.238,1-0,0.245,home
2026/27|Fulham|Everton|20261009T113919Z,2026-10-09T11:39:19,dc-2026-10-09-78dd3802,2026/27,Fulham,Everton,0.3658,0.3221,0.3121,1.142,1.036,1-1,0.1488,home
2026/27|Fulham|Hull|20261009T113919Z,2026-10-09T11:39:19,dc-2026-10-09-78dd3802,2026/27,Fulham,Hull,0.2684,0.3438,0.3878,0.843,1.067,0-0,0.1628,away
2026/27|Fulham|Ipswich|20261009T113919Z,2026-10-09T11:39:19,dc-2026-10-09-78dd3802,2026/27,Fulham,Ipswich,0.6316,0.2191,0.1494,2.128,0.959,1-1,0.1034,home
2026/27|Fulham|Leeds|20261009T113919Z,2026-10-09T11:39:19,dc-2026-10-09-78dd3802,2026/27,Fulham,Leeds,0.353,0.3037,0.3433,1.222,1.202,1-1,0.1444,home
2026/27|Fulham|Liverpool|20261009T113919Z,2026-10-09T11:39:19,dc-2026-10-09-78dd3802,2026/27,Fulham,Liverpool,0.2681,0.2704,0.4615,1.197,1.629,1-1,0.1283,away
2026/27|Fulham|Man City|20261009T113919Z,2026-10-09T11:39:19,dc-2026-10-09-78dd3802,2026/27,Fulham,Man City,0.1831,0.249,0.5679,0.971,1.849,1-1,0.1188,away
2026/27|Fulham|Newcastle|20261009T113919Z,2026-10-09T11:39:19,dc-2026-10-09-78dd3802,2026/27,Fulham,Newcastle,0.3517,0.2727,0.3756,1.428,1.481,1-1,0.128,away
2026/27|Fulham|Nott'm Forest|20261009T113919Z,2026-10-09T11:39:19,dc-2026-10-09-78dd3802,2026/27,Fulham,Nott'm Forest,0.3758,0.3021,0.3221,1.275,1.163,1-1,0.1438,home
2026/27|Fulham|Sunderland|20261009T113919Z,2026-10-09T11:39:19,dc-2026-10-09-78dd3802,2026/27,Fulham,Sunderland,0.4105,0.3051,0.2844,1.309,1.05,1-1,0.1442,home
2026/27|Fulham|Tottenham|20261009T113919Z,2026-10-09T11:39:19,dc-2026-10-09-78dd3802,2026/27,Fulham,Tottenham,0.4484,0.2775,0.2741,1.556,1.174,1-1,0.1323,home
2026/27|Hull|Arsenal|20261009T113919Z,2026-10-09T11:39:19,dc-2026-10-09-78dd3802,2026/27,Hull,Arsenal,0.2337,0.3582,0.4082,0.71,1.027,0-0,0.1903,away
2026/27|Hull|Bournemouth|20261009T113919Z,2026-10-09T11:39:19,dc-2026-10-09-78dd3802,2026/27,Hull,Bournemouth,0.4388,0.3225,0.2388,1.234,0.843,1-1,0.1447,home
2026/27|Hull|Brentford|20261009T113919Z,2026-10-09T11:39:19,dc-2026-10-09-78dd3802,2026/27,Hull,Brentford,0.4326,0.3185,0.2489,1.252,0.888,1-1,0.1453,home
2026/27|Hull|Brighton|20261009T113919Z,2026-10-09T11:39:19,dc-2026-10-09-78dd3802,2026/27,Hull,Brighton,0.4127,0.3222,0.2651,1.209,0.919,1-1,0.1469,home
2026/27|Hull|Chelsea|20261009T113919Z,2026-10-09T11:39:19,dc-2026-10-09-78dd3802,2026/27,Hull,Chelsea,0.4422,0.3061,0.2517,1.338,0.951,1-1,0.1432,home
2026/27|Hull|Coventry|20261009T113919Z,2026-10-09T11:39:19,dc-2026-10-09-78dd3802,2026/27,Hull,Coventry,0.7313,0.2399,0.0288,1.536,0.15,1-0,0.2799,home
2026/27|Hull|Crystal Palace|20261009T113919Z,2026-10-09T11:39:19,dc-2026-10-09-78dd3802,2026/27,Hull,Crystal Palace,0.5085,0.3093,0.1823,1.349,0.707,1-0,0.1592,home
2026/27|Hull|Everton|20261009T113919Z,2026-10-09T11:39:19,dc-2026-10-09-78dd3802,2026/27,Hull,Everton,0.4396,0.3534,0.2069,1.075,0.653,0-0,0.1914,home
2026/27|Hull|Fulham|20261009T113919Z,2026-10-09T11:39:19,dc-2026-10-09-78dd3802,2026/27,Hull,Fulham,0.4802,0.3226,0.1972,1.259,0.714,1-0,0.1613,home
2026/27|Hull|Ipswich|20261009T113919Z,2026-10-09T11:39:19,dc-2026-10-09-78dd3802,2026/27,Hull,Ipswich,0.695,0.2134,0.0916,2.004,0.604,2-0,0.1479,home
2026/27|Hull|Leeds|20261009T113919Z,2026-10-09T11:39:19,dc-2026-10-09-78dd3802,2026/27,Hull,Leeds,0.4356,0.3372,0.2272,1.151,0.757,0-0,0.1626,home
2026/27|Hull|Liverpool|20261009T113919Z,2026-10-09T11:39:19,dc-2026-10-09-78dd3802,2026/27,Hull,Liverpool,0.3636,0.3242,0.3122,1.127,1.026,1-1,0.1491,home
2026/27|Hull|Man City|20261009T113919Z,2026-10-09T11:39:19,dc-2026-10-09-78dd3802,2026/27,Hull,Man City,0.2719,0.3275,0.4006,0.915,1.165,1-1,0.1479,away
2026/27|Hull|Newcastle|20261009T113919Z,2026-10-09T11:39:19,dc-2026-10-09-78dd3802,2026/27,Hull,Newcastle,0.4482,0.306,0.2458,1.344,0.933,1-1,0.1428,home
2026/27|Hull|Nott'm Forest|20261009T113919Z,2026-10-09T11:39:19,dc-2026-10-09-78dd3802,2026/27,Hull,Nott'm Forest,0.4573,0.3309,0.2118,1.2,0.733,1-0,0.1596,home
2026/27|Hull|Sunderland|20261009T113919Z,2026-10-09T11:39:19,dc-2026-10-09-78dd3802,2026/27,Hull,Sunderland,0.4866,0.3276,0.1858,1.233,0.662,1-0,0.1719,home
2026/27|Hull|Tottenham|20261009T113919Z,2026-10-09T11:39:19,dc-2026-10-09-78dd3802,2026/27,Hull,Tottenham,0.5317,0.2927,0.1756,1.465,0.74,1-0,0.1484,home
2026/27|Ipswich|Arsenal|20261009T113919Z,2026-10-09T11:39:19,dc-2026-10-09-78dd3802,2026/27,Ipswich,Arsenal,0.062,0.1519,0.7861,0.638,2.593,0-2,0.1329,away
2026/27|Ipswich|Aston Villa|20261009T113919Z,2026-10-09T11:39:19,dc-2026-10-09-78dd3802,2026/27,Ipswich,Aston Villa,0.185,0.2244,0.5905,1.135,2.128,1-1,0.1027,away
2026/27|Ipswich|Bournemouth|20261009T113919Z,2026-10-09T11:39:19,dc-2026-10-09-78dd3802,2026/27,Ipswich,Bournemouth,0.1794,0.2236,0.597,1.109,2.13,1-1,0.1028,away
2026/27|Ipswich|Brentford|20261009T113919Z,2026-10-09T11:39:19,dc-2026-10-09-78dd3802,2026/27,Ipswich,Brentford,0.1699,0.2134,0.6167,1.124,2.244,1-2,0.0975,away
2026/27|Ipswich|Brighton|20261009T113919Z,2026-10-09T11:39:19,dc-2026-10-09-78dd3802,2026/27,Ipswich,Brighton,0.1546,0.2051,0.6403,1.086,2.321,1-2,0.0969,away
2026/27|Ipswich|Chelsea|20261009T113919Z,2026-10-09T11:39:19,dc-2026-10-09-78dd3802,2026/27,Ipswich,Chelsea,0.1681,0.2018,0.6301,1.202,2.401,1-2,0.0944,away
2026/27|Ipswich|Coventry|20261009T113919Z,2026-10-09T11:39:19,dc-2026-10-09-78dd3802,2026/27,Ipswich,Coventry,0.6147,0.2947,0.0906,1.38,0.379,1-0,0.2277,home
2026/27|Ipswich|Crystal Palace|20261009T113919Z,2026-10-09T11:39:19,dc-2026-10-09-78dd3802,2026/27,Ipswich,Crystal Palace,0.2475,0.2564,0.4962,1.212,1.785,1-1,0.1199,away
2026/27|Ipswich|Everton|20261009T113919Z,2026-10-09T11:39:19,dc-2026-10-09-78dd3802,2026/27,Ipswich,Everton,0.2082,0.271,0.5208,0.966,1.648,1-1,0.1294,away
2026/27|Ipswich|Fulham|20261009T113919Z,2026-10-09T11:39:19,dc-2026-10-09-78dd3802,2026/27,Ipswich,Fulham,0.2259,0.2551,0.519,1.131,1.803,1-1,0.1204,away
2026/27|Ipswich|Hull|20261009T113919Z,2026-10-09T11:39:19,dc-2026-10-09-78dd3802,2026/27,Ipswich,Hull,0.1416,0.26,0.5985,0.713,1.698,0-1,0.1404,away
2026/27|Ipswich|Leeds|20261009T113919Z,2026-10-09T11:39:19,dc-2026-10-09-78dd3802,2026/27,Ipswich,Leeds,0.1893,0.2434,0.5673,1.034,1.913,1-1,0.1153,away
2026/27|Ipswich|Man City|20261009T113919Z,2026-10-09T11:39:19,dc-2026-10-09-78dd3802,2026/27,Ipswich,Man City,0.0683,0.1361,0.7956,0.822,2.943,0-2,0.1004,away
2026/27|Ipswich|Man United|20261009T113919Z,2026-10-09T11:39:19,dc-2026-10-09-78dd3802,2026/27,Ipswich,Man United,0.1669,0.2103,0.6228,1.129,2.28,1-2,0.0971,away
2026/27|Ipswich|Newcastle|20261009T113919Z,2026-10-09T11:39:19,dc-2026-10-09-78dd3802,2026/27,Ipswich,Newcastle,0.1738,0.2057,0.6205,1.208,2.357,1-2,0.0949,away
2026/27|Ipswich|Nott'm Forest|20261009T113919Z,2026-10-09T11:39:19,dc-2026-10-09-78dd3802,2026/27,Ipswich,Nott'm Forest,0.2071,0.2502,0.5427,1.079,1.851,1-1,0.1184,away
2026/27|Ipswich|Tottenham|20261009T113919Z,2026-10-09T11:39:19,dc-2026-10-09-78dd3802,2026/27,Ipswich,Tottenham,0.2591,0.2483,0.4926,1.316,1.868,1-1,0.1131,away
2026/27|Leeds|Arsenal|20261009T113919Z,2026-10-09T11:39:19,dc-2026-10-09-78dd3802,2026/27,Leeds,Arsenal,0.1883,0.2899,0.5219,0.8,1.489,0-1,0.1376,away
2026/27|Leeds|Aston Villa|20261009T113919Z,2026-10-09T11:39:19,dc-2026-10-09-78dd3802,2026/27,Leeds,Aston Villa,0.4033,0.287,0.3097,1.423,1.222,1-1,0.1371,home
2026/27|Leeds|Bournemouth|20261009T113919Z,2026-10-09T11:39:19,dc-2026-10-09-78dd3802,2026/27,Leeds,Bournemouth,0.3943,0.2895,0.3162,1.39,1.223,1-1,0.1384,home
2026/27|Leeds|Brighton|20261009T113919Z,2026-10-09T11:39:19,dc-2026-10-09-78dd3802,2026/27,Leeds,Brighton,0.3641,0.2855,0.3504,1.362,1.333,1-1,0.1362,home
2026/27|Leeds|Chelsea|20261009T113919Z,2026-10-09T11:39:19,dc-2026-10-09-78dd3802,2026/27,Leeds,Chelsea,0.3921,0.2735,0.3344,1.507,1.379,1-1,0.1287,home
2026/27|Leeds|Coventry|20261009T113919Z,2026-10-09T11:39:19,dc-2026-10-09-78dd3802,2026/27,Leeds,Coventry,0.7511,0.2134,0.0354,1.73,0.218,1-0,0.2408,home
2026/27|Leeds|Everton|20261009T113919Z,2026-10-09T11:39:19,dc-2026-10-09-78dd3802,2026/27,Leeds,Everton,0.4068,0.3205,0.2727,1.212,0.946,1-1,0.1471,home
2026/27|Leeds|Fulham|20261009T113919Z,2026-10-09T11:39:19,dc-2026-10-09-78dd3802,2026/27,Leeds,Fulham,0.4442,0.2947,0.2611,1.419,1.035,1-1,0.1402,home
2026/27|Leeds|Hull|20261009T113919Z,2026-10-09T11:39:19,dc-2026-10-09-78dd3802,2026/27,Leeds,Hull,0.3028,0.3507,0.3464,0.894,0.975,0-0,0.1691,draw
2026/27|Leeds|Ipswich|20261009T113919Z,2026-10-09T11:39:19,dc-2026-10-09-78dd3802,2026/27,Leeds,Ipswich,0.6765,0.2019,0.1216,2.258,0.876,2-0,0.111,home
2026/27|Leeds|Liverpool|20261009T113919Z,2026-10-09T11:39:19,dc-2026-10-09-78dd3802,2026/27,Leeds,Liverpool,0.3105,0.2797,0.4098,1.27,1.488,1-1,0.1331,away
2026/27|Leeds|Man City|20261009T113919Z,2026-10-09T11:39:19,dc-2026-10-09-78dd3802,2026/27,Leeds,Man City,0.218,0.2666,0.5155,1.03,1.69,1-1,0.1273,away
2026/27|Leeds|Man United|20261009T113919Z,2026-10-09T11:39:19,dc-2026-10-09-78dd3802,2026/27,Leeds,Man United,0.3828,0.2832,0.334,1.415,1.309,1-1,0.1349,home
2026/27|Leeds|Nott'm Forest|20261009T113919Z,2026-10-09T11:39:19,dc-2026-10-09-78dd3802,2026/27,Leeds,Nott'm Forest,0.4196,0.3003,0.2801,1.352,1.063,1-1,0.1426,home
2026/27|Leeds|Sunderland|20261009T113919Z,2026-10-09T11:39:19,dc-2026-10-09-78dd3802,2026/27,Leeds,Sunderland,0.4541,0.3002,0.2457,1.389,0.96,1-1,0.1413,home
2026/27|Leeds|Tottenham|20261009T113919Z,2026-10-09T11:39:19,dc-2026-10-09-78dd3802,2026/27,Leeds,Tottenham,0.4957,0.2704,0.2339,1.65,1.072,1-1,0.1291,home
2026/27|Liverpool|Arsenal|20261009T113919Z,2026-10-09T11:39:19,dc-2026-10-09-78dd3802,2026/27,Liverpool,Arsenal,0.2673,0.2892,0.4435,1.084,1.459,1-1,0.1381,away
2026/27|Liverpool|Aston Villa|20261009T113919Z,2026-10-09T11:39:19,dc-2026-10-09-78dd3802,2026/27,Liverpool,Aston Villa,0.5329,0.2436,0.2235,1.928,1.197,1-1,0.1126,home
2026/27|Liverpool|Bournemouth|20261009T113919Z,2026-10-09T11:39:19,dc-2026-10-09-78dd3802,2026/27,Liverpool,Bournemouth,0.5225,0.2476,0.23,1.884,1.198,1-1,0.115,home
2026/27|Liverpool|Brentford|20261009T113919Z,2026-10-09T11:39:19,dc-2026-10-09-78dd3802,2026/27,Liverpool,Brentford,0.5142,0.2451,0.2407,1.91,1.262,1-1,0.1122,home
2026/27|Liverpool|Brighton|20261009T113919Z,2026-10-09T11:39:19,dc-2026-10-09-78dd3802,2026/27,Liverpool,Brighton,0.4898,0.2502,0.26,1.846,1.306,1-1,0.1145,home
2026/27|Liverpool|Chelsea|20261009T113919Z,2026-10-09T11:39:19,dc-2026-10-09-78dd3802,2026/27,Liverpool,Chelsea,0.5244,0.2341,0.2415,2.042,1.351,1-1,0.1029,home
2026/27|Liverpool|Coventry|20261009T113919Z,2026-10-09T11:39:19,dc-2026-10-09-78dd3802,2026/27,Liverpool,Coventry,0.8511,0.1299,0.019,2.344,0.213,2-0,0.213,home
2026/27|Liverpool|Crystal Palace|20261009T113919Z,2026-10-09T11:39:19,dc-2026-10-09-78dd3802,2026/27,Liverpool,Crystal Palace,0.6065,0.2277,0.1658,2.06,1.004,1-1,0.1073,home
2026/27|Liverpool|Everton|20261009T113919Z,2026-10-09T11:39:19,dc-2026-10-09-78dd3802,2026/27,Liverpool,Everton,0.5288,0.2716,0.1996,1.642,0.927,1-1,0.1295,home
2026/27|Liverpool|Hull|20261009T113919Z,2026-10-09T11:39:19,dc-2026-10-09-78dd3802,2026/27,Liverpool,Hull,0.4046,0.3201,0.2753,1.211,0.955,1-1,0.1472,home
2026/27|Liverpool|Ipswich|20261009T113919Z,2026-10-09T11:39:19,dc-2026-10-09-78dd3802,2026/27,Liverpool,Ipswich,0.8032,0.1298,0.067,3.059,0.858,3-0,0.0949,home
2026/27|Liverpool|Leeds|20261009T113919Z,2026-10-09T11:39:19,dc-2026-10-09-78dd3802,2026/27,Liverpool,Leeds,0.5208,0.2597,0.2195,1.756,1.076,1-1,0.1235,home
2026/27|Liverpool|Man City|20261009T113919Z,2026-10-09T11:39:19,dc-2026-10-09-78dd3802,2026/27,Liverpool,Man City,0.3122,0.2626,0.4252,1.396,1.656,1-1,0.1213,away
2026/27|Liverpool|Man United|20261009T113919Z,2026-10-09T11:39:19,dc-2026-10-09-78dd3802,2026/27,Liverpool,Man United,0.5114,0.2444,0.2441,1.918,1.283,1-1,0.1113,home
2026/27|Liverpool|Newcastle|20261009T113919Z,2026-10-09T11:39:19,dc-2026-10-09-78dd3802,2026/27,Liverpool,Newcastle,0.5318,0.2333,0.2349,2.052,1.326,1-1,0.1031,home
2026/27|Liverpool|Sunderland|20261009T113919Z,2026-10-09T11:39:19,dc-2026-10-09-78dd3802,2026/27,Liverpool,Sunderland,0.5829,0.2448,0.1723,1.882,0.94,1-1,0.1169,home
2026/27|Liverpool|Tottenham|20261009T113919Z,2026-10-09T11:39:19,dc-2026-10-09-78dd3802,2026/27,Liverpool,Tottenham,0.6318,0.2118,0.1564,2.236,1.051,2-1,0.0982,home
2026/27|Man City|Arsenal|20261009T113919Z,2026-10-09T11:39:19,dc-2026-10-09-78dd3802,2026/27,Man City,Arsenal,0.3594,0.3043,0.3363,1.231,1.183,1-1,0.1446,home
2026/27|Man City|Aston Villa|20261009T113919Z,2026-10-09T11:39:19,dc-2026-10-09-78dd3802,2026/27,Man City,Aston Villa,0.641,0.2133,0.1457,2.189,0.971,2-0,0.1017,home
2026/27|Man City|Brentford|20261009T113919Z,2026-10-09T11:39:19,dc-2026-10-09-78dd3802,2026/27,Man City,Brentford,0.6245,0.2174,0.1581,2.169,1.024,1-1,0.1012,home
2026/27|Man City|Brighton|20261009T113919Z,2026-10-09T11:39:19,dc-2026-10-09-78dd3802,2026/27,Man City,Brighton,0.6012,0.2256,0.1731,2.096,1.059,1-1,0.1051,home
2026/27|Man City|Chelsea|20261009T113919Z,2026-10-09T11:39:19,dc-2026-10-09-78dd3802,2026/27,Man City,Chelsea,0.6379,0.2056,0.1566,2.319,1.096,2-1,0.0969,home
2026/27|Man City|Crystal Palace|20261009T113919Z,2026-10-09T11:39:19,dc-2026-10-09-78dd3802,2026/27,Man City,Crystal Palace,0.7056,0.1901,0.1043,2.339,0.815,2-0,0.1168,home
2026/27|Man City|Everton|20261009T113919Z,2026-10-09T11:39:19,dc-2026-10-09-78dd3802,2026/27,Man City,Everton,0.6265,0.2402,0.1333,1.864,0.752,2-0,0.127,home
2026/27|Man City|Fulham|20261009T113919Z,2026-10-09T11:39:19,dc-2026-10-09-78dd3802,2026/27,Man City,Fulham,0.6748,0.2069,0.1183,2.182,0.823,2-0,0.1179,home
2026/27|Man City|Hull|20261009T113919Z,2026-10-09T11:39:19,dc-2026-10-09-78dd3802,2026/27,Man City,Hull,0.4974,0.3052,0.1974,1.375,0.775,1-0,0.1465,home
2026/27|Man City|Ipswich|20261009T113919Z,2026-10-09T11:39:19,dc-2026-10-09-78dd3802,2026/27,Man City,Ipswich,0.8734,0.0909,0.0358,3.473,0.696,3-0,0.1081,home
2026/27|Man City|Leeds|20261009T113919Z,2026-10-09T11:39:19,dc-2026-10-09-78dd3802,2026/27,Man City,Leeds,0.6243,0.2301,0.1456,1.994,0.873,2-0,0.1131,home
2026/27|Man City|Liverpool|20261009T113919Z,2026-10-09T11:39:19,dc-2026-10-09-78dd3802,2026/27,Man City,Liverpool,0.542,0.2412,0.2169,1.954,1.183,1-1,0.1114,home
2026/27|Man City|Man United|20261009T113919Z,2026-10-09T11:39:19,dc-2026-10-09-78dd3802,2026/27,Man City,Man United,0.6224,0.2171,0.1605,2.177,1.04,1-1,0.1007,home
2026/27|Man City|Newcastle|20261009T113919Z,2026-10-09T11:39:19,dc-2026-10-09-78dd3802,2026/27,Man City,Newcastle,0.6444,0.2039,0.1517,2.33,1.076,2-1,0.0969,home
2026/27|Man City|Nott'm Forest|20261009T113919Z,2026-10-09T11:39:19,dc-2026-10-09-78dd3802,2026/27,Man City,Nott'm Forest,0.6492,0.2192,0.1316,2.08,0.845,2-0,0.1161,home
2026/27|Man City|Tottenham|20261009T113919Z,2026-10-09T11:39:19,dc-2026-10-09-78dd3802,2026/27,Man City,Tottenham,0.731,0.1729,0.0961,2.539,0.852,2-0,0.1085,home
2026/27|Man United|Arsenal|20261009T113919Z,2026-10-09T11:39:19,dc-2026-10-09-78dd3802,2026/27,Man United,Arsenal,0.2083,0.2736,0.5182,0.953,1.625,1-1,0.1305,away
2026/27|Man United|Aston Villa|20261009T113919Z,2026-10-09T11:39:19,dc-2026-10-09-78dd3802,2026/27,Man United,Aston Villa,0.4481,0.2615,0.2903,1.696,1.334,1-1,0.1214,home
2026/27|Man United|Bournemouth|20261009T113919Z,2026-10-09T11:39:19,dc-2026-10-09-78dd3802,2026/27,Man United,Bournemouth,0.4383,0.2645,0.2973,1.657,1.335,1-1,0.1233,home
2026/27|Man United|Brentford|20261009T113919Z,2026-10-09T11:39:19,dc-2026-10-09-78dd3802,2026/27,Man United,Brentford,0.429,0.2605,0.3105,1.68,1.407,1-1,0.1198,home
2026/27|Man United|Brighton|20261009T113919Z,2026-10-09T11:39:19,dc-2026-10-09-78dd3802,2026/27,Man United,Brighton,0.4053,0.2625,0.3321,1.623,1.455,1-1,0.1207,home
2026/27|Man United|Chelsea|20261009T113919Z,2026-10-09T11:39:19,dc-2026-10-09-78dd3802,2026/27,Man United,Chelsea,0.4364,0.2497,0.3139,1.797,1.505,1-1,0.1105,home
2026/27|Man United|Coventry|20261009T113919Z,2026-10-09T11:39:19,dc-2026-10-09-78dd3802,2026/27,Man United,Coventry,0.805,0.1667,0.0283,2.062,0.238,2-0,0.2132,home
2026/27|Man United|Crystal Palace|20261009T113919Z,2026-10-09T11:39:19,dc-2026-10-09-78dd3802,2026/27,Man United,Crystal Palace,0.5239,0.2543,0.2218,1.812,1.119,1-1,0.1201,home
2026/27|Man United|Everton|20261009T113919Z,2026-10-09T11:39:19,dc-2026-10-09-78dd3802,2026/27,Man United,Everton,0.4514,0.2922,0.2564,1.444,1.033,1-1,0.1391,home
2026/27|Man United|Fulham|20261009T113919Z,2026-10-09T11:39:19,dc-2026-10-09-78dd3802,2026/27,Man United,Fulham,0.4921,0.2658,0.242,1.691,1.13,1-1,0.1263,home
2026/27|Man United|Hull|20261009T113919Z,2026-10-09T11:39:19,dc-2026-10-09-78dd3802,2026/27,Man United,Hull,0.3369,0.3268,0.3364,1.065,1.064,1-1,0.1497,home
2026/27|Man United|Leeds|20261009T113919Z,2026-10-09T11:39:19,dc-2026-10-09-78dd3802,2026/27,Man United,Leeds,0.4399,0.2777,0.2824,1.545,1.199,1-1,0.1323,home
2026/27|Man United|Liverpool|20261009T113919Z,2026-10-09T11:39:19,dc-2026-10-09-78dd3802,2026/27,Man United,Liverpool,0.3461,0.26,0.3939,1.514,1.625,1-1,0.1184,away
2026/27|Man United|Newcastle|20261009T113919Z,2026-10-09T11:39:19,dc-2026-10-09-78dd3802,2026/27,Man United,Newcastle,0.4439,0.2499,0.3062,1.805,1.478,1-1,0.1111,home
2026/27|Man United|Nott'm Forest|20261009T113919Z,2026-10-09T11:39:19,dc-2026-10-09-78dd3802,2026/27,Man United,Nott'm Forest,0.4655,0.2728,0.2617,1.612,1.16,1-1,0.1298,home
2026/27|Man United|Sunderland|20261009T113919Z,2026-10-09T11:39:19,dc-2026-10-09-78dd3802,2026/27,Man United,Sunderland,0.5027,0.2701,0.2272,1.655,1.048,1-1,0.129,home
2026/27|Man United|Tottenham|20261009T113919Z,2026-10-09T11:39:19,dc-2026-10-09-78dd3802,2026/27,Man United,Tottenham,0.5476,0.2399,0.2125,1.967,1.171,1-1,0.1109,home
2026/27|Newcastle|Arsenal|20261009T113919Z,2026-10-09T11:39:19,dc-2026-10-09-78dd3802,2026/27,Newcastle,Arsenal,0.2005,0.2611,0.5384,0.986,1.739,1-1,0.1248,away
2026/27|Newcastle|Aston Villa|20261009T113919Z,2026-10-09T11:39:19,dc-2026-10-09-78dd3802,2026/27,Newcastle,Aston Villa,0.4423,0.2548,0.303,1.754,1.427,1-1,0.1155,home
2026/27|Newcastle|Brentford|20261009T113919Z,2026-10-09T11:39:19,dc-2026-10-09-78dd3802,2026/27,Newcastle,Brentford,0.4225,0.2535,0.3241,1.737,1.505,1-1,0.1134,home
2026/27|Newcastle|Brighton|20261009T113919Z,2026-10-09T11:39:19,dc-2026-10-09-78dd3802,2026/27,Newcastle,Brighton,0.3983,0.255,0.3466,1.679,1.557,1-1,0.1141,home
2026/27|Newcastle|Chelsea|20261009T113919Z,2026-10-09T11:39:19,dc-2026-10-09-78dd3802,2026/27,Newcastle,Chelsea,0.4294,0.2429,0.3278,1.858,1.611,1-1,0.1035,home
2026/27|Newcastle|Coventry|20261009T113919Z,2026-10-09T11:39:19,dc-2026-10-09-78dd3802,2026/27,Newcastle,Coventry,0.8113,0.16,0.0287,2.132,0.254,2-0,0.209,home
2026/27|Newcastle|Crystal Palace|20261009T113919Z,2026-10-09T11:39:19,dc-2026-10-09-78dd3802,2026/27,Newcastle,Crystal Palace,0.5203,0.2485,0.2312,1.873,1.197,1-1,0.1155,home
2026/27|Newcastle|Everton|20261009T113919Z,2026-10-09T11:39:19,dc-2026-10-09-78dd3802,2026/27,Newcastle,Everton,0.4476,0.2852,0.2672,1.493,1.106,1-1,0.1363,home
2026/27|Newcastle|Fulham|20261009T113919Z,2026-10-09T11:39:19,dc-2026-10-09-78dd3802,2026/27,Newcastle,Fulham,0.488,0.2596,0.2523,1.748,1.21,1-1,0.1219,home
2026/27|Newcastle|Ipswich|20261009T113919Z,2026-10-09T11:39:19,dc-2026-10-09-78dd3802,2026/27,Newcastle,Ipswich,0.733,0.1618,0.1052,2.782,1.023,2-1,0.0881,home
2026/27|Newcastle|Leeds|20261009T113919Z,2026-10-09T11:39:19,dc-2026-10-09-78dd3802,2026/27,Newcastle,Leeds,0.4348,0.2707,0.2946,1.598,1.283,1-1,0.1277,home
2026/27|Newcastle|Man City|20261009T113919Z,2026-10-09T11:39:19,dc-2026-10-09-78dd3802,2026/27,Newcastle,Man City,0.2333,0.2397,0.527,1.27,1.974,1-1,0.1086,away
2026/27|Newcastle|Man United|20261009T113919Z,2026-10-09T11:39:19,dc-2026-10-09-78dd3802,2026/27,Newcastle,Man United,0.4192,0.2522,0.3285,1.744,1.529,1-1,0.1122,home
2026/27|Newcastle|Nott'm Forest|20261009T113919Z,2026-10-09T11:39:19,dc-2026-10-09-78dd3802,2026/27,Newcastle,Nott'm Forest,0.4609,0.2662,0.2729,1.666,1.242,1-1,0.1254,home
2026/27|Newcastle|Sunderland|20261009T113919Z,2026-10-09T11:39:19,dc-2026-10-09-78dd3802,2026/27,Newcastle,Sunderland,0.4993,0.2639,0.2367,1.711,1.121,1-1,0.1254,home
2026/27|Newcastle|Tottenham|20261009T113919Z,2026-10-09T11:39:19,dc-2026-10-09-78dd3802,2026/27,Newcastle,Tottenham,0.5439,0.2345,0.2216,2.034,1.253,1-1,0.1057,home
2026/27|Nott'm Forest|Arsenal|20261009T113919Z,2026-10-09T11:39:19,dc-2026-10-09-78dd3802,2026/27,Nott'm Forest,Arsenal,0.1732,0.2811,0.5456,0.774,1.553,0-1,0.1386,away
2026/27|Nott'm Forest|Aston Villa|20261009T113919Z,2026-10-09T11:39:19,dc-2026-10-09-78dd3802,2026/27,Nott'm Forest,Aston Villa,0.38,0.2878,0.3322,1.377,1.274,1-1,0.1375,home
2026/27|Nott'm Forest|Bournemouth|20261009T113919Z,2026-10-09T11:39:19,dc-2026-10-09-78dd3802,2026/27,Nott'm Forest,Bournemouth,0.3713,0.29,0.3387,1.345,1.276,1-1,0.1386,home
2026/27|Nott'm Forest|Brentford|20261009T113919Z,2026-10-09T11:39:19,dc-2026-10-09-78dd3802,2026/27,Nott'm Forest,Brentford,0.3624,0.2847,0.353,1.364,1.344,1-1,0.1357,home
2026/27|Nott'm Forest|Brighton|20261009T113919Z,2026-10-09T11:39:19,dc-2026-10-09-78dd3802,2026/27,Nott'm Forest,Brighton,0.3412,0.2845,0.3743,1.318,1.39,1-1,0.1356,away
2026/27|Nott'm Forest|Chelsea|20261009T113919Z,2026-10-09T11:39:19,dc-2026-10-09-78dd3802,2026/27,Nott'm Forest,Chelsea,0.368,0.2734,0.3586,1.459,1.438,1-1,0.1286,home
2026/27|Nott'm Forest|Crystal Palace|20261009T113919Z,2026-10-09T11:39:19,dc-2026-10-09-78dd3802,2026/27,Nott'm Forest,Crystal Palace,0.4503,0.2884,0.2613,1.471,1.069,1-1,0.1377,home
2026/27|Nott'm Forest|Everton|20261009T113919Z,2026-10-09T11:39:19,dc-2026-10-09-78dd3802,2026/27,Nott'm Forest,Everton,0.3858,0.3223,0.2919,1.173,0.987,1-1,0.1483,home
2026/27|Nott'm Forest|Fulham|20261009T113919Z,2026-10-09T11:39:19,dc-2026-10-09-78dd3802,2026/27,Nott'm Forest,Fulham,0.4213,0.2976,0.2811,1.373,1.08,1-1,0.1417,home
2026/27|Nott'm Forest|Hull|20261009T113919Z,2026-10-09T11:39:19,dc-2026-10-09-78dd3802,2026/27,Nott'm Forest,Hull,0.2851,0.3483,0.3666,0.865,1.017,0-0,0.167,away
2026/27|Nott'm Forest|Ipswich|20261009T113919Z,2026-10-09T11:39:19,dc-2026-10-09-78dd3802,2026/27,Nott'm Forest,Ipswich,0.6536,0.2113,0.1351,2.185,0.914,2-0,0.1077,home
2026/27|Nott'm Forest|Liverpool|20261009T113919Z,2026-10-09T11:39:19,dc-2026-10-09-78dd3802,2026/27,Nott'm Forest,Liverpool,0.2888,0.2761,0.4351,1.229,1.552,1-1,0.1312,away
2026/27|Nott'm Forest|Man City|20261009T113919Z,2026-10-09T11:39:19,dc-2026-10-09-78dd3802,2026/27,Nott'm Forest,Man City,0.2001,0.2587,0.5412,0.997,1.763,1-1,0.1235,away
2026/27|Nott'm Forest|Man United|20261009T113919Z,2026-10-09T11:39:19,dc-2026-10-09-78dd3802,2026/27,Nott'm Forest,Man United,0.3595,0.283,0.3575,1.37,1.365,1-1,0.1347,home
2026/27|Nott'm Forest|Newcastle|20261009T113919Z,2026-10-09T11:39:19,dc-2026-10-09-78dd3802,2026/27,Nott'm Forest,Newcastle,0.3749,0.2744,0.3507,1.466,1.412,1-1,0.1293,home
2026/27|Nott'm Forest|Sunderland|20261009T113919Z,2026-10-09T11:39:19,dc-2026-10-09-78dd3802,2026/27,Nott'm Forest,Sunderland,0.4317,0.3037,0.2646,1.344,1.001,1-1,0.1432,home
2026/27|Sunderland|Aston Villa|20261009T113919Z,2026-10-09T11:39:19,dc-2026-10-09-78dd3802,2026/27,Sunderland,Aston Villa,0.3373,0.2946,0.3681,1.243,1.309,1-1,0.1408,away
2026/27|Sunderland|Bournemouth|20261009T113919Z,2026-10-09T11:39:19,dc-2026-10-09-78dd3802,2026/27,Sunderland,Bournemouth,0.3292,0.2962,0.3746,1.215,1.31,1-1,0.1415,away
2026/27|Sunderland|Brentford|20261009T113919Z,2026-10-09T11:39:19,dc-2026-10-09-78dd3802,2026/27,Sunderland,Brentford,0.3204,0.2899,0.3897,1.232,1.38,1-1,0.1385,away
2026/27|Sunderland|Brighton|20261009T113919Z,2026-10-09T11:39:19,dc-2026-10-09-78dd3802,2026/27,Sunderland,Brighton,0.3007,0.288,0.4113,1.19,1.428,1-1,0.1377,away
2026/27|Sunderland|Chelsea|20261009T113919Z,2026-10-09T11:39:19,dc-2026-10-09-78dd3802,2026/27,Sunderland,Chelsea,0.3246,0.2785,0.397,1.317,1.477,1-1,0.1321,away
2026/27|Sunderland|Coventry|20261009T113919Z,2026-10-09T11:39:19,dc-2026-10-09-78dd3802,2026/27,Sunderland,Coventry,0.6972,0.2555,0.0473,1.511,0.233,1-0,0.2573,home
2026/27|Sunderland|Crystal Palace|20261009T113919Z,2026-10-09T11:39:19,dc-2026-10-09-78dd3802,2026/27,Sunderland,Crystal Palace,0.4049,0.301,0.294,1.328,1.098,1-1,0.1431,home
2026/27|Sunderland|Everton|20261009T113919Z,2026-10-09T11:39:19,dc-2026-10-09-78dd3802,2026/27,Sunderland,Everton,0.3457,0.3317,0.3226,1.059,1.014,1-1,0.15,home
2026/27|Sunderland|Hull|20261009T113919Z,2026-10-09T11:39:19,dc-2026-10-09-78dd3802,2026/27,Sunderland,Hull,0.2532,0.351,0.3958,0.781,1.044,0-0,0.1757,away
2026/27|Sunderland|Ipswich|20261009T113919Z,2026-10-09T11:39:19,dc-2026-10-09-78dd3802,2026/27,Sunderland,Ipswich,0.6036,0.2348,0.1616,1.973,0.938,1-1,0.1119,home
2026/27|Sunderland|Leeds|20261009T113919Z,2026-10-09T11:39:19,dc-2026-10-09-78dd3802,2026/27,Sunderland,Leeds,0.3331,0.3121,0.3548,1.133,1.177,1-1,0.147,away
2026/27|Sunderland|Liverpool|20261009T113919Z,2026-10-09T11:39:19,dc-2026-10-09-78dd3802,2026/27,Sunderland,Liverpool,0.2518,0.2754,0.4728,1.11,1.594,1-1,0.1315,away
2026/27|Sunderland|Man City|20261009T113919Z,2026-10-09T11:39:19,dc-2026-10-09-78dd3802,2026/27,Sunderland,Man City,0.1718,0.2518,0.5764,0.9,1.81,1-1,0.1203,away
2026/27|Sunderland|Man United|20261009T113919Z,2026-10-09T11:39:19,dc-2026-10-09-78dd3802,2026/27,Sunderland,Man United,0.3175,0.2879,0.3946,1.237,1.402,1-1,0.1376,away
2026/27|Sunderland|Newcastle|20261009T113919Z,2026-10-09T11:39:19,dc-2026-10-09-78dd3802,2026/27,Sunderland,Newcastle,0.3311,0.2801,0.3888,1.323,1.45,1-1,0.1331,away
2026/27|Sunderland|Nott'm Forest|20261009T113919Z,2026-10-09T11:39:19,dc-2026-10-09-78dd3802,2026/27,Sunderland,Nott'm Forest,0.3549,0.3113,0.3338,1.181,1.139,1-1,0.1468,home
2026/27|Sunderland|Tottenham|20261009T113919Z,2026-10-09T11:39:19,dc-2026-10-09-78dd3802,2026/27,Sunderland,Tottenham,0.4243,0.2885,0.2872,1.442,1.149,1-1,0.1379,home
2026/27|Tottenham|Arsenal|20261009T113919Z,2026-10-09T11:39:19,dc-2026-10-09-78dd3802,2026/27,Tottenham,Arsenal,0.1364,0.2377,0.626,0.781,1.895,0-2,0.1236,away
2026/27|Tottenham|Bournemouth|20261009T113919Z,2026-10-09T11:39:19,dc-2026-10-09-78dd3802,2026/27,Tottenham,Bournemouth,0.3201,0.271,0.4089,1.357,1.557,1-1,0.1273,away
2026/27|Tottenham|Brentford|20261009T113919Z,2026-10-09T11:39:19,dc-2026-10-09-78dd3802,2026/27,Tottenham,Brentford,0.3101,0.2643,0.4255,1.377,1.64,1-1,0.1227,away
2026/27|Tottenham|Brighton|20261009T113919Z,2026-10-09T11:39:19,dc-2026-10-09-78dd3802,2026/27,Tottenham,Brighton,0.2893,0.2616,0.4491,1.33,1.697,1-1,0.1215,away
2026/27|Tottenham|Chelsea|20261009T113919Z,2026-10-09T11:39:19,dc-2026-10-09-78dd3802,2026/27,Tottenham,Chelsea,0.3132,0.2534,0.4334,1.472,1.755,1-1,0.1138,away
2026/27|Tottenham|Coventry|20261009T113919Z,2026-10-09T11:39:19,dc-2026-10-09-78dd3802,2026/27,Tottenham,Coventry,0.7238,0.228,0.0482,1.689,0.277,1-0,0.2292,home
2026/27|Tottenham|Crystal Palace|20261009T113919Z,2026-10-09T11:39:19,dc-2026-10-09-78dd3802,2026/27,Tottenham,Crystal Palace,0.4015,0.2785,0.32,1.484,1.305,1-1,0.1322,home
2026/27|Tottenham|Fulham|20261009T113919Z,2026-10-09T11:39:19,dc-2026-10-09-78dd3802,2026/27,Tottenham,Fulham,0.373,0.2848,0.3422,1.385,1.318,1-1,0.1358,home
2026/27|Tottenham|Hull|20261009T113919Z,2026-10-09T11:39:19,dc-2026-10-09-78dd3802,2026/27,Tottenham,Hull,0.2461,0.3204,0.4335,0.873,1.241,1-1,0.1452,away
2026/27|Tottenham|Ipswich|20261009T113919Z,2026-10-09T11:39:19,dc-2026-10-09-78dd3802,2026/27,Tottenham,Ipswich,0.6108,0.2168,0.1724,2.205,1.115,1-1,0.0987,home
2026/27|Tottenham|Leeds|20261009T113919Z,2026-10-09T11:39:19,dc-2026-10-09-78dd3802,2026/27,Tottenham,Leeds,0.3259,0.2867,0.3874,1.266,1.398,1-1,0.1369,away
2026/27|Tottenham|Liverpool|20261009T113919Z,2026-10-09T11:39:19,dc-2026-10-09-78dd3802,2026/27,Tottenham,Liverpool,0.2379,0.2465,0.5156,1.24,1.895,1-1,0.1135,away
2026/27|Tottenham|Man City|20261009T113919Z,2026-10-09T11:39:19,dc-2026-10-09-78dd3802,2026/27,Tottenham,Man City,0.1564,0.2185,0.6251,1.006,2.151,1-1,0.1022,away
2026/27|Tottenham|Man United|20261009T113919Z,2026-10-09T11:39:19,dc-2026-10-09-78dd3802,2026/27,Tottenham,Man United,0.3069,0.2623,0.4308,1.382,1.667,1-1,0.1213,away
2026/27|Tottenham|Nott'm Forest|20261009T113919Z,2026-10-09T11:39:19,dc-2026-10-09-78dd3802,2026/27,Tottenham,Nott'm Forest,0.349,0.2868,0.3642,1.32,1.353,1-1,0.1369,away
2026/27|Tottenham|Sunderland|20261009T113919Z,2026-10-09T11:39:19,dc-2026-10-09-78dd3802,2026/27,Tottenham,Sunderland,0.3854,0.2923,0.3223,1.356,1.222,1-1,0.1397,home
