article_title,split
2017–18 Huddersfield Town A.F.C. season,test
2018–19 Manchester United F.C. season,test
2020–21 Crystal Palace F.C. season,test
2022–23 Fulham F.C. season,test
2021–22 Burnley F.C. season,test
2019–20 Tottenham Hotspur F.C. season,test
2025–26 Liverpool F.C. season,test
2017–18 Leicester City F.C. season,test
2025–26 Wolverhampton Wanderers F.C. season,test
2026–27 Sunderland A.F.C. season,test
2017–18 Stoke City F.C. season,test
2017–18 West Bromwich Albion F.C. season,test
2024–25 Arsenal F.C. season,test
2021–22 Crystal Palace F.C. season,test
2026–27 Fulham F.C. season,test
2015–16 West Ham United F.C. season,test
2015–16 Manchester City F.C. season,test
2015–16 Manchester United F.C. season,test
2025–26 AFC Bournemouth season,test
2016–17 Stoke City F.C. season,test
2016–17 Sunderland A.F.C. season,test
2023–24 Brighton & Hove Albion F.C. season,test
2024–25 AFC Bournemouth season,test
2021–22 Leeds United F.C. season,test
2018–19 Leicester City F.C. season,test
2016–17 Burnley F.C. season,test
2015–16 Aston Villa F.C. season,test
2021–22 Norwich City F.C. season,test
2026–27 Newcastle United F.C. season,test
2019–20 Aston Villa F.C. season,test
2020–21 Sheffield United F.C. season,test
2025–26 Arsenal F.C. season,test
2023–24 Luton Town F.C. season,test
2017–18 Manchester City F.C. season,test
2018–19 AFC Bournemouth season,test
2015–16 Tottenham Hotspur F.C. season,test
2017–18 Manchester United F.C. season,test
2016–17 Middlesbrough F.C. season,test
2017–18 Swansea City A.F.C. season,test
2015–16 Newcastle United F.C. season,test
2020–21 West Bromwich Albion F.C. season,test
2024–25 Fulham F.C. season,test
2025–26 Brentford F.C. season,test
2022–23 Everton F.C. season,test
2021–22 West Ham United F.C. season,test
2025–26 Fulham F.C. season,test
2018–19 West Ham United F.C. season,test
2023–24 Fulham F.C. season,test
2018–19 Newcastle United F.C. season,dev
2015–16 Watford F.C. season,dev
2016–17 West Bromwich Albion F.C. season,dev
2021–22 Newcastle United F.C. season,dev
2023–24 Tottenham Hotspur F.C. season,dev
2025–26 Burnley F.C. season,dev
2024–25 Manchester City F.C. season,dev
2020–21 Aston Villa F.C. season,dev
2019–20 Manchester City F.C. season,dev
2023–24 Burnley F.C. season,dev
2017–18 Chelsea F.C. season,dev
2019–20 Chelsea F.C. season,dev
2018–19 Watford F.C. season,dev
2020–21 Chelsea F.C. season,dev
2019–20 Norwich City F.C. season,dev
2024–25 Chelsea F.C. season,dev
2022–23 Crystal Palace F.C. season,dev
2015–16 Norwich City F.C. season,dev
2026–27 Tottenham Hotspur F.C. season,dev
2020–21 Manchester City F.C. season,dev
2022–23 Arsenal F.C. season,dev
2025–26 West Ham United F.C. season,dev
2016–17 Everton F.C. season,dev
2026–27 Nottingham Forest F.C. season,dev
2018–19 Brighton & Hove Albion F.C. season,train
2022–23 Chelsea F.C. season,train
2015–16 Southampton F.C. season,train
2021–22 Manchester City F.C. season,train
2020–21 Manchester United F.C. season,train
2022–23 Tottenham Hotspur F.C. season,train
2015–16 West Bromwich Albion F.C. season,train
2019–20 Burnley F.C. season,train
2026–27 Brentford F.C. season,train
2024–25 Leicester City F.C. season,train
2019–20 Sheffield United F.C. season,train
2023–24 Chelsea F.C. season,train
2017–18 West Ham United F.C. season,train
2026–27 Liverpool F.C. season,train
2018–19 Fulham F.C. season,train
2019–20 West Ham United F.C. season,train
2017–18 Watford F.C. season,train
2019–20 Everton F.C. season,train
2023–24 Crystal Palace F.C. season,train
2019–20 Crystal Palace F.C. season,train
2023–24 Arsenal F.C. season,train
2021–22 Watford F.C. season,train
2025–26 Brighton & Hove Albion F.C. season,train
2024–25 West Ham United F.C. season,train
2016–17 Manchester United F.C. season,train
2025–26 Everton F.C. season,train
2019–20 Arsenal F.C. season,train
2022–23 Manchester United F.C. season,train
2019–20 Liverpool F.C. season,train
2015–16 Sunderland A.F.C. season,train
2025–26 Sunderland A.F.C. season,train
2025–26 Aston Villa F.C. season,train
2018–19 Tottenham Hotspur F.C. season,train
2015–16 Liverpool F.C. season,train
2026–27 AFC Bournemouth season,train
2019–20 Brighton & Hove Albion F.C. season,train
2020–21 Tottenham Hotspur F.C. season,train
2015–16 Arsenal F.C. season,train
2024–25 Crystal Palace F.C. season,train
2024–25 Southampton F.C. season,train
2019–20 AFC Bournemouth season,train
2017–18 Arsenal F.C. season,train
2015–16 Swansea City A.F.C. season,train
2025–26 Crystal Palace F.C. season,train
2026–27 Coventry City F.C. season,train
2023–24 Newcastle United F.C. season,train
2026–27 Manchester United F.C. season,train
2026–27 Chelsea F.C. season,train
2016–17 Liverpool F.C. season,train
2015–16 Everton F.C. season,train
2022–23 Aston Villa F.C. season,train
2023–24 Sheffield United F.C. season,train
2022–23 Manchester City F.C. season,train
2022–23 AFC Bournemouth season,train
2026–27 Crystal Palace F.C. season,train
2021–22 Brentford F.C. season,train
2016–17 Swansea City A.F.C. season,train
2023–24 Wolverhampton Wanderers F.C. season,train
2023–24 Manchester United F.C. season,train
2018–19 Manchester City F.C. season,train
2025–26 Nottingham Forest F.C. season,train
2015–16 Chelsea F.C. season,train
2018–19 Liverpool F.C. season,train
2025–26 Newcastle United F.C. season,train
2016–17 Manchester City F.C. season,train
2021–22 Tottenham Hotspur F.C. season,train
2022–23 Brighton & Hove Albion F.C. season,train
2022–23 Wolverhampton Wanderers F.C. season,train
2020–21 Wolverhampton Wanderers F.C. season,train
2018–19 Arsenal F.C. season,train
2023–24 Brentford F.C. season,train
2026–27 Brighton & Hove Albion F.C. season,train
2018–19 Everton F.C. season,train
2023–24 Manchester City F.C. season,train
2023–24 AFC Bournemouth season,train
2021–22 Brighton & Hove Albion F.C. season,train
2021–22 Chelsea F.C. season,train
2022–23 Nottingham Forest F.C. season,train
2024–25 Nottingham Forest F.C. season,train
2017–18 Everton F.C. season,train
2022–23 Brentford F.C. season,train
2021–22 Liverpool F.C. season,train
2018–19 Burnley F.C. season,train
2019–20 Wolverhampton Wanderers F.C. season,train
2023–24 Nottingham Forest F.C. season,train
2016–17 Arsenal F.C. season,train
2022–23 Leicester City F.C. season,train
2020–21 Liverpool F.C. season,train
2021–22 Aston Villa F.C. season,train
2020–21 Leicester City F.C. season,train
2017–18 Burnley F.C. season,train
2020–21 Brighton & Hove Albion F.C. season,train
2024–25 Brentford F.C. season,train
2017–18 Newcastle United F.C. season,train
2017–18 Tottenham Hotspur F.C. season,train
2020–21 Everton F.C. season,train
2022–23 Newcastle United F.C. season,train
2018–19 Huddersfield Town A.F.C. season,train
2016–17 West Ham United F.C. season,train
2020–21 Leeds United F.C. season,train
2016–17 Southampton F.C. season,train
2020–21 Fulham F.C. season,train
2021–22 Arsenal F.C. season,train
2022–23 West Ham United F.C. season,train
2016–17 Watford F.C. season,train
2018–19 Cardiff City F.C. season,train
2018–19 Southampton F.C. season,train
2021–22 Southampton F.C. season,train
2024–25 Tottenham Hotspur F.C. season,train
2020–21 Arsenal F.C. season,train
2019–20 Manchester United F.C. season,train
2021–22 Everton F.C. season,train
2022–23 Southampton F.C. season,train
2024–25 Newcastle United F.C. season,train
2015–16 Leicester City F.C. season,train
2025–26 Manchester City F.C. season,train
2026–27 Aston Villa F.C. season,train
2024–25 Ipswich Town F.C. season,train
2019–20 Leicester City F.C. season,train
2017–18 Crystal Palace F.C. season,train
2024–25 Everton F.C. season,train
2021–22 Leicester City F.C. season,train
2018–19 Chelsea F.C. season,train
2021–22 Wolverhampton Wanderers F.C. season,train
2026–27 Manchester City F.C. season,train
2021–22 Manchester United F.C. season,train
2026–27 Ipswich Town F.C. season,train
2024–25 Brighton & Hove Albion F.C. season,train
2020–21 West Ham United F.C. season,train
2024–25 Manchester United F.C. season,train
2022–23 Leeds United F.C. season,train
2022–23 Liverpool F.C. season,train
2017–18 Brighton & Hove Albion F.C. season,train
2026–27 Arsenal F.C. season,train
2024–25 Aston Villa F.C. season,train
2016–17 Leicester City F.C. season,train
2018–19 Crystal Palace F.C. season,train
2016–17 AFC Bournemouth season,train
2016–17 Tottenham Hotspur F.C. season,train
2017–18 Southampton F.C. season,train
2019–20 Watford F.C. season,train
2015–16 AFC Bournemouth season,train
2025–26 Tottenham Hotspur F.C. season,train
2016–17 Crystal Palace F.C. season,train
2025–26 Manchester United F.C. season,train
2020–21 Newcastle United F.C. season,train
2023–24 West Ham United F.C. season,train
2017–18 Liverpool F.C. season,train
2015–16 Stoke City F.C. season,train
2023–24 Aston Villa F.C. season,train
2018–19 Wolverhampton Wanderers F.C. season,train
2025–26 Chelsea F.C. season,train
2016–17 Chelsea F.C. season,train
2023–24 Everton F.C. season,train
2026–27 Everton F.C. season,train
2019–20 Newcastle United F.C. season,train
2017–18 AFC Bournemouth season,train
2024–25 Wolverhampton Wanderers F.C. season,train
2016–17 Hull City A.F.C. season,train
2019–20 Southampton F.C. season,train
2020–21 Southampton F.C. season,train
2026–27 Hull City A.F.C. season,train
2020–21 Burnley F.C. season,train
2024–25 Liverpool F.C. season,train
2015–16 Crystal Palace F.C. season,train
2023–24 Liverpool F.C. season,train
