gameweek,id,name,club,position,price,next_points,horizon_points,start,captain,vice,bench_order,transfer_in,opponents
7,1,Raya,ARS,GKP,6.1,3.66,18.11,True,False,False,0,False,['NFO (A)']
7,8,Calafiori,ARS,DEF,5.8,4.57,22.55,True,False,False,0,False,['NFO (A)']
7,12,Saka,ARS,MID,9.5,5.94,29.29,True,False,False,0,False,['NFO (A)']
7,68,Tavernier,BOU,MID,6.1,5.15,25.93,True,False,False,0,False,['SUN (H)']
7,40,Rogers,CHE,MID,7.7,4.76,27.31,True,False,False,0,False,['EVE (A)']
7,249,Barry,EVE,FWD,5.7,4.6,20.92,True,False,False,0,False,['CHE (H)']
7,250,Leno,FUL,GKP,4.5,3.06,14.35,False,False,False,1,False,['HUL (H)']
7,279,Ajayi,HUL,DEF,4.2,4.2,21.32,False,False,False,2,False,['FUL (A)']
7,282,Giles,HUL,DEF,4.0,4.04,20.24,False,False,False,3,False,['FUL (A)']
7,286,Belloumi,HUL,MID,5.1,3.5,18.45,False,False,False,4,False,['FUL (A)']
7,388,Guéhi,MCI,DEF,6.0,6.12,24.08,True,False,False,0,False,['IPS (H)']
7,411,Haaland,MCI,FWD,15.6,8.32,30.69,True,True,False,0,False,['IPS (H)']
7,427,Mbeumo,MUN,MID,7.9,4.68,24.99,True,False,False,0,False,['LEE (A)']
7,464,Wissa,NEW,FWD,6.2,5.16,23.14,True,False,False,0,False,['AVL (H)']
7,112,Van Hecke,TOT,DEF,4.9,6.99,23.63,True,False,True,0,True,['COV (H)']
