task_id,issue,text,suggested,context
2,possible_wrong_type,Valencia,PLAYER,"nd-closed-doors in Spain were next to be confirmed, against Valencia and Levante."
8,possible_miss,Saints,TEAM,On Boxing Day the Saints beat second-placed Arsenal 4–0 at St Mary's. Cuco Martina o
8,possible_miss,Saints,TEAM,ing out on the chance to move up to ninth in the table. The Saints opened the scoring within 15 minutes thanks to a Carl Jenki
10,possible_miss,Jackson,PLAYER,"cked after nearly 10 years in charge. Under-23 manager Mike Jackson was appointed as caretaker, and results did initially pick "
11,possible_wrong_type,Valencia,PLAYER,"league club Rushall Olympic. On 19 June, an away match with Valencia for the Orange Trophy was also added to the pre-season sche"
13,possible_miss,Arteta,PLAYER,Arteta's men followed this success with a trip to Hill Dickinson S
13,possible_wrong_type,Trossard,PLAYER," was powerfully dispatched by Gyökeres. In the second half, Trossard was fed a through pass by Rice and unleashed a potent shot "
13,possible_wrong_type,Rice,PLAYER,"res. In the second half, Trossard was fed a through pass by Rice and unleashed a potent shot onto the post. The visitors mis"
20,possible_miss,March,PLAYER,"On 31 March 2025, Arsenal announced that they would travel to Hong Kong"
20,possible_miss,Emirates,VENUE,luding fixtures of the pre-season schedule would feature an Emirates Cup game against Athletic Bilbao on 9 August 2025 and a fri
36,possible_miss,Saints,TEAM,"shots compared to the Magpies' six. The following week, the Saints suffered their worst defeat in Premier League history, when"
39,possible_miss,Lokonga,PLAYER,"s at the time of his departure. Lastly, Fábio Vieira joined Lokonga as he made a loan move to Hamburger SV, with an option to m"
43,possible_miss,Arsenal,TEAM,"n 1994–95. Raya played 55 games this season, the most by an Arsenal goalkeeper since David Seaman in 1993–94."
49,possible_miss,Stoke,TEAM, then travelled out to Florida for a ten-day training camp. Stoke earned their first win of pre-season on 27 July 2016 with a
49,possible_miss,Stoke,TEAM,ainst Orlando's B team in a behind closed doors match which Stoke won 5–0. Stoke ended their low-key pre-season with a 1–0 de
49,possible_miss,Stoke,TEAM, B team in a behind closed doors match which Stoke won 5–0. Stoke ended their low-key pre-season with a 1–0 defeat at German 
53,possible_miss,Stadium of Light,VENUE,The second round draw was made from the Stadium of Light on 16 August. The third round draw was made on 30 August by
75,possible_miss,Cannon,PLAYER,The kit was launched alongside a film named The Year of the Cannon.
90,possible_miss,Wolves,TEAM," home loss to West Ham United. The next game was at home to Wolves, Palace gainining revenge for their FA Cup defeat, as Eze s"
105,possible_miss,March,PLAYER,"tive countries' senior squads for international fixtures in March: Martinelli (Brazil), Nørgaard (Denmark), Hincapié (Ecuador"
106,possible_wrong_type,Valencia,PLAYER,rguably their most vital match of the season so far away to Valencia in the Europa League semi-final second leg.
118,possible_miss,Bramall Lane,VENUE,"On 11 April, Arsenal headed north to Bramall Lane to take on relegation-embattled Sheffield United. The Gunne"
131,possible_miss,Paul Robinson,PLAYER,e Second Round of the EFL Cup was drawn by Gary Neville and Paul Robinson at Salford City's Moor Lane stadium. The Third Round draw w
131,possible_miss,David,PLAYER," MK. The Quarter-Final draw was held on 31 October 2019, by David James and Zoe Ball on BBC Radio 2. The Semi-Final draw was "
131,possible_miss,Oxford,PLAYER,"dio 2. The Semi-Final draw was held on 18 December 2019, at Oxford United's Kassam Stadium by Dennis Wise and Chris Kamara."
131,possible_miss,Dennis,PLAYER,"d on 18 December 2019, at Oxford United's Kassam Stadium by Dennis Wise and Chris Kamara."
134,possible_miss,Hughes,PLAYER,ck at Stoke train station where angry supporters confronted Hughes and the players.
135,possible_miss,March,PLAYER,"pandemic, Premier League football matches were postponed in March, including Tottenham's games against Manchester United and "
139,possible_wrong_type,Valencia,PLAYER,d the scaffolds for an impressive 3–1 comeback victory over Valencia in the first leg of the Europa League semi-final at the Emi
147,possible_miss,Raya,PLAYER,"e near post for his first Gunners goal. In the 67th minute, Raya made a one-handed save at full stretch to claw away Matthij"
171,possible_miss,Saints,TEAM,"following two games 2–1. In the first, against Everton, the Saints were down by two goals within 31 minutes following goals fr"
171,possible_miss,Saints,TEAM,"s secured the win in injury time through Harry Maguire. The Saints picked up their first win of the season the following week,"
173,possible_miss,Alan Hutton,PLAYER,"This season was the first since 2010-11 without Alan Hutton, who departed following the expiration of his contract befo"
173,possible_miss,Gardner,PLAYER," of his contract before retiring in February 2020, and Gary Gardner, who joined Birmingham City after spending the previous sea"
193,possible_wrong_type,Valencia,PLAYER,"o send Chelsea to meet Arsenal's 7–3 aggregate winners over Valencia in the final in Baku, Azerbaijan."
208,possible_miss,Everton,TEAM,"e first team after he went partying following a 4–0 loss at Everton. On 29 March 2016, with Villa still bottom of the league, G"
208,possible_miss,March,PLAYER,"ter he went partying following a 4–0 loss at Everton. On 29 March 2016, with Villa still bottom of the league, Garde left the"
209,possible_miss,José,PLAYER,en Hazard – an action for which she was later criticised by José Mourinho. Carneiro would later take the club to court and e
209,possible_miss,José,PLAYER, the beginning of a downward spiral that would culminate in José Mourinho's sacking.
210,possible_miss,Arsenal,TEAM,in either half. This was the first time since May 2022 that Arsenal had lost successive away matches in the Premier League. It 
213,possible_miss,Derby,TEAM,"ayed Crystal Palace at the Emirates for their second London Derby in eight days. In a relatively tame match, Eze netted the o"
230,possible_miss,Stoke,TEAM,ardy was sent-off for a two-footed challenge on Mame Diouf. Stoke made the most of their numerical advantage and scored twice
230,possible_miss,Bojan,PLAYER,ost of their numerical advantage and scored twice through a Bojan penalty and a tap-in from Joe Allen to make it 2–0 at half-
231,possible_miss,Depay,PLAYER," first game as the hosts came from behind to win 2–1, after Depay scored the opener following his brace against Club Brugge i"
240,possible_miss,Arsenal,TEAM,everyone and flew straight into the back of the net. It was Arsenal's first direct free-kick goal in the Champions League since
240,possible_miss,Arteta,PLAYER,he Champions League since November 2002. In the 64th minute Arteta handed a belated debut to summer signing Merino who had rec
242,possible_miss,Hughes,PLAYER,a daunting trip to title favorites Manchester City and Mark Hughes decided to give a debut to academy graduate Tom Edwards. St
242,possible_miss,Stoke,TEAM," goals from Gabriel Jesus, Raheem Sterling and David Silva. Stoke briefly made a comeback with a goal from Diouf and an own g"
243,possible_miss,João Pedro,PLAYER,"e would bring his own back-room staff: assistant head coach João Pedro Sousa, first team coach Gonçalo Pedro and goalkeeping coach"
243,possible_miss,Pedro,PLAYER,"stant head coach João Pedro Sousa, first team coach Gonçalo Pedro and goalkeeping coach Hugo Oliveira."
253,possible_wrong_type,Valencia,PLAYER,panish defender Cristhian Mosquera joined from La Liga side Valencia on a long-term deal. The deal was concluded for a total pac
257,possible_miss,Arteta,PLAYER,"eague final in 20 years, marking a significant milestone in Arteta's European project. The unbeaten run to the final saw Arsen"
260,possible_miss,Sheffield United,TEAM,The 2020–21 Sheffield United Football Club season was the club's 132nd season in existen
264,possible_miss,March,PLAYER,"On 3 March, Southampton were held to a goalless draw by Stoke City at "
264,possible_miss,March,PLAYER,"legation zone and having won just once in 17 matches. On 14 March, former Southampton player Mark Hughes was appointed as fir"
264,possible_miss,Hughes,PLAYER," in 17 matches. On 14 March, former Southampton player Mark Hughes was appointed as first team manager until the end of the ca"
266,possible_miss,David,PLAYER,rd minute. Tomiyasu was controversially sent off by referee David Coote on 67 minutes for two quick bookable offences – the f
266,possible_miss,Arteta,PLAYER,"midfield. Despite playing the final half-hour with ten men, Arteta's side claimed a hard-fought 1–0 victory. The win clocked u"
271,possible_miss,Hughes,PLAYER,", Stoke took on the Premier League leaders Manchester City. Hughes decided to play with no out-and-out striker, instead playin"
271,possible_miss,Hughes,PLAYER, highlighted the change in style of play introduced by Mark Hughes.
279,possible_miss,Derby,TEAM, fierce rivals Birmingham City 1–0 in the first Second City Derby for almost five years.  A Rudy Gestede header is enough to 
280,possible_miss,Pearson,PLAYER, only a single victory in his second stint in charge. Nigel Pearson  was appointed manager on 6 December 2019 on a season-long 
280,possible_miss,Pearson,PLAYER,"6 December 2019 on a season-long contract. On 19 July 2020, Pearson was sacked with two games remaining in the 2019–20 season. "
280,possible_miss,Pearson,PLAYER,"d were seven points adrift at the bottom of the league when Pearson took charge, and three points above the relegation zone whe"
280,possible_miss,Pearson,PLAYER,"nts above the relegation zone when he was sacked. Following Pearson's sacking, under interim manager Hayden Mullins, Watford we"
281,possible_miss,Dennis,PLAYER,"senal legends with statues outside the stadium: Tony Adams, Dennis Bergkamp, Herbert Chapman, Ken Friar and Thierry Henry."
281,possible_miss,Henry,PLAYER,"ms, Dennis Bergkamp, Herbert Chapman, Ken Friar and Thierry Henry."
301,possible_miss,March,PLAYER,"On 31 March 2025, Liverpool announced they would return to Asia for a p"
303,possible_miss,March,PLAYER,"tive countries' senior squads for international fixtures in March: Trossard (Belgium), Gabriel Magalhães (Brazil), Lewis-Skel"
303,possible_miss,March,PLAYER,uring a 2026 World Cup qualifier victory over Albania on 21 March.
306,possible_miss,Ince,PLAYER,ird round draw was made live on BBC by Ruud Gullit and Paul Ince from Stamford Bridge on 3 December 2018. The fourth round d
311,possible_miss,Arteta,PLAYER,tch of the previous season's meeting between the two sides. Arteta made seven changes to the starting lineup from December's c
313,possible_miss,José,PLAYER,"esented Wenger with his first win against a side managed by José Mourinho after 13 attempts. Soon after, Arsenal began their"
316,possible_miss,March,PLAYER,"March started as February ended, this time with Palace frustratin"
316,possible_miss,Tottenham Hotspur,TEAM," home in a 0–0 draw. The next game saw Palace beaten 4–1 by Tottenham Hotspur, with Harry Kane scoring a brace and providing two assists "
317,possible_miss,March,PLAYER,"On 1 March 2016, it was announced that Tottenham would participate in "
322,possible_miss,Arteta,PLAYER,"ka already sidelined through injury, Havertz's absence left Arteta with just two first-team forwards to choose from up front i"
323,possible_miss,Vieira,PLAYER,"de Crystal Palace, managed by former Arsenal player Patrick Vieira. In the eighth minute, a shot from Nicolas Pépé was parried"
325,possible_miss,Kevin,PLAYER," in the 77th minute were enough to defeat caretaker manager Kevin MacDonald's side, despite an injury time penalty from Scott"
325,possible_miss,MacDonald,PLAYER,"e 77th minute were enough to defeat caretaker manager Kevin MacDonald's side, despite an injury time penalty from Scott Sinclair "
326,possible_miss,Russell Martin,PLAYER,"After winning the promotion play-offs in May, head coach Russell Martin was sacked as Southampton dropped to the bottom of the leag"
333,possible_miss,Arsenal,TEAM,Arsenal hosted 15-time and reigning European champions Real Madrid 
333,possible_miss,Arsenal,TEAM," free-kick goal of his senior career, making him the fourth Arsenal player to score from a direct free-kick in the Champions Le"
333,possible_miss,Rice,PLAYER,r to score from a direct free-kick in the Champions League. Rice netted his second of the night with another free-kick in th
333,possible_miss,Arteta,PLAYER,sent off after receiving a second yellow card. The win gave Arteta's side a three-goal advantage heading to the second leg in 
334,possible_miss,Britannia Stadium,VENUE,d win Liverpool in the semi-final with the first leg at the Britannia Stadium. Liverpool came out victorious in the first leg with Jordon
339,possible_miss,Hughes,PLAYER,"sition with 44 points, which is the worst performance under Hughes. Despite that Hughes believes that he still has the support"
339,possible_miss,Hughes,PLAYER,", which is the worst performance under Hughes. Despite that Hughes believes that he still has the support of the majority of f"
342,possible_miss,Michael Carrick,PLAYER,"way to Manchester United, who were led by caretaker manager Michael Carrick in his last game before interim manager Ralf Rangnick takin"
343,possible_miss,Saints,TEAM,The Saints entered the competition in the third round and were drawn a
343,possible_miss,Saints,TEAM," Coventry City in the fourth round. On 6 February 2022, the Saints were drawn at home to West Ham United in the fifth round. O"
349,possible_miss,Arteta,PLAYER,"ainst 5th-placed Nottingham Forest on 23 November. This was Arteta's 250th game in charge of Arsenal in all competitions, the "
349,possible_miss,Gunners,TEAM,"lub. Goals early in each half from Saka and Partey gave the Gunners a 2–0 lead. Nwaneri netted a late goal, becoming Arsenal's "
354,possible_miss,Arteta,PLAYER,"On 16 July, manager Arteta named a 29-man squad for the trip to the United States wher"
359,possible_miss,Young,PLAYER,uropa Conference League season. Saliba was named as Ligue 1 Young Player of the Year and was awarded a position in the Team o
365,possible_miss,March,PLAYER,On 1 March Arsenal resumed the Premier League campaign by playing at h
369,possible_miss,March,PLAYER, caused the suspension of all fixtures scheduled between 11 March and the planned end of the season on 17 May. Revised fixtur
380,possible_miss,Darren Fletcher,PLAYER,he draw. The quarter-finals draw was made on 18 February by Darren Fletcher and Wayne Bridge.
384,possible_miss,Hughes,PLAYER,nal match of November was against Watford at Vicarage Road. Hughes made five changes to his side which included the return of 
384,possible_miss,Giannelli Imbula,PLAYER," made five changes to his side which included the return of Giannelli Imbula. It paid off, as Stoke dominated the match and scored the o"
386,possible_miss,Stoke,TEAM,th Igor Djuric scoring a late own goal. BSC Young Boys were Stoke's final opponents in the Uhrencup on 12 July 2017. The Swis
386,possible_miss,Stoke,TEAM,draw. The winner was determined by a penalty shoot-out with Stoke winning 4–3 after 16 spot kicks. Stoke's last match in Swit
389,possible_miss,West Bromwich Albion,TEAM,"During the off-season, West Bromwich Albion made several improvements to their stadium, The Hawthorns. "
389,possible_miss,The Hawthorns,VENUE,"Bromwich Albion made several improvements to their stadium, The Hawthorns. The club increased the number of wheelchair bays from 145 "
396,possible_miss,Phil Foden,PLAYER,"ason (50 pts); and the youngest ever Premier League winner (Phil Foden, aged 17 years and 350 days)"
