prediction_id,created_at,model_version,season,match_date,home_team,away_team,p_home,p_draw,p_away,exp_home_goals,exp_away_goals,most_likely_score,most_likely_score_prob,predicted_result
2026/27|Arsenal|Leeds|20261005T073802Z,2026-10-05 07:38:02.966280,dc-1.0,2026/27,2026-10-10,Arsenal,Leeds,0.6226646291318514,0.25031344972663694,0.12702192114151176,1.7563064987750463,0.6747194930176995,1-0,0.14301528804495384,home
2026/27|Aston Villa|Brentford|20261005T073802Z,2026-10-05 07:38:02.966280,dc-1.0,2026/27,2026-10-10,Aston Villa,Brentford,0.4002555210307307,0.26774320557549647,0.3320012733937727,1.5683364928459738,1.4134284329051388,1-1,0.12473997941973096,home
2026/27|Chelsea|Bournemouth|20261005T073802Z,2026-10-05 07:38:02.966280,dc-1.0,2026/27,2026-10-10,Chelsea,Bournemouth,0.44501314231701194,0.25459469845203175,0.30039215923095625,1.758029765771726,1.4191649986794526,1-1,0.11547243830549091,home
2026/27|Ipswich|Fulham|20261005T073802Z,2026-10-05 07:38:02.966280,dc-1.0,2026/27,2026-10-10,Ipswich,Fulham,0.22610443910324524,0.2548661315576573,0.5190294293390976,1.1329016975435244,1.804487845413861,1-1,0.12025736142807182,away
2026/27|Man United|Tottenham|20261005T073802Z,2026-10-05 07:38:02.966280,dc-1.0,2026/27,2026-10-10,Man United,Tottenham,0.5472948078830666,0.2402220771536365,0.2124831149632968,1.961905909002942,1.1673811874460551,1-1,0.1112033673031406,home
2026/27|Sunderland|Brighton|20261005T073802Z,2026-10-05 07:38:02.966280,dc-1.0,2026/27,2026-10-10,Sunderland,Brighton,0.3009534698923195,0.28775927242596944,0.41128725768171115,1.1917115709413006,1.4285452501295834,1-1,0.13751763713632661,away
2026/27|Crystal Palace|Nott'm Forest|20261005T073802Z,2026-10-05 07:38:02.966280,dc-1.0,2026/27,2026-10-11,Crystal Palace,Nott'm Forest,0.3544342394860377,0.2984375090290683,0.3471282514848939,1.2560050881320812,1.2406853166745422,1-1,0.14243292832357002,home
2026/27|Hull|Everton|20261005T073802Z,2026-10-05 07:38:02.966280,dc-1.0,2026/27,2026-10-11,Hull,Everton,0.438365564054952,0.35363352537117493,0.2080009105738729,1.073127939402836,0.6546205763260832,0-0,0.1913930658515568,home
2026/27|Liverpool|Man City|20261005T073802Z,2026-10-05 07:38:02.966280,dc-1.0,2026/27,2026-10-11,Liverpool,Man City,0.31243393315689366,0.26256242880872527,0.4250036380343811,1.3961347502293349,1.6546763949924583,1-1,0.12132403428653195,away
2026/27|Coventry|Newcastle|20261005T073802Z,2026-10-05 07:38:02.966280,dc-1.0,2026/27,2026-10-12,Coventry,Newcastle,0.047410125832679714,0.21146336577178668,0.7411265083955336,0.3010334830799196,1.8080021875485266,0-1,0.21215648921598323,away
