doc_id,mention,label,season,team,suggested_id,suggested_name,score,gold_id,context
1378012860-68,Saka,PLAYER,2024/25,Arsenal,player:7322,Bukayo Saka,100,player:7322,"and was set for surgery. With Gabriel Jesus, Martinelli and Saka already sidelined through injury, Havertz's absence left Ar"
1376913273-16,Raya,PLAYER,2025/26,Arsenal,player:9676,David Raya,100,player:9676,"ined forces with a former teammate, having played alongside Raya for four years at Brentford."
1378012860-68,Trossard,PLAYER,2024/25,Arsenal,player:7698,Leandro Trossard,100,player:7698,first-team forwards to choose from up front in Sterling and Trossard.
1299292288-4,Marko Arnautović,PLAYER,2017/18,Stoke,player:865,Marko Arnautovic,100,player:865,However they also suffered a blow with the news that Marko Arnautović had submitted a transfer request. Stoke began their pre-sea
1376808313-3,Joe Allen,PLAYER,2016/17,Stoke,player:480,Joe Allen,100,player:480,adan Sobhi from Al Ahly for £5 million and Welsh midfielder Joe Allen from Liverpool for £13 million. The squad then travelled ou
1357092975-8,Marc Guéhi,PLAYER,2021/22,Leeds,player:7603,Marc Guehi,100,player:7603,onnecting header was blocked by the hand of Palace defender Marc Guéhi. Raphinha slotted the penalty past Vicente Guaita to win th
1378012860-47,Saka,PLAYER,2024/25,Arsenal,player:7322,Bukayo Saka,100,player:7322,s. Two quickfire strikes from the hosts halved the deficit. Saka wrapped up the scoring with a penalty just before the break
1378012860-76,Tierney,PLAYER,2024/25,Arsenal,player:8089,Kieran Tierney,100,player:8089,"herlands), Ødegaard (as Norway's captain), Kiwior (Poland), Tierney (Scotland), Merino and Raya (Spain), and Zinchenko (Ukraine"
1376808313-16,Heurelho Gomes,PLAYER,2016/17,Stoke,player:564,Heurelho Gomes,100,player:564," hit the post but then deflected in off Hornets' goalkeeper Heurelho Gomes for an own goal. It was a poor day for Watford, as they had"
1299292288-13,Jesus,PLAYER,2017/18,Stoke,player:5543,Gabriel Jesus,100,player:5543," no answer to Man City's fast attacking play and goals from Jesus, Fernandinho, Leroy Sané and Bernardo Silva condemned Stoke"
1299292288-4,Charlie Adam,PLAYER,2017/18,Stoke,player:873,Charlie Adam,100,player:873,aume Hoarau and Yoric Ravet. Stoke hit back with goals from Charlie Adam and Marc Muniesa and the match ended in a 2–2 draw. The win
1378012860-68,Sterling,PLAYER,2024/25,Arsenal,player:618,Raheem Sterling,100,player:618,ith just two first-team forwards to choose from up front in Sterling and Trossard.
1375896457-1,Christian Nørgaard,PLAYER,2025/26,Brentford,player:7083,Christian Nørgaard,100,player:7083," named captain, following the departure of previous captain Christian Nørgaard to Arsenal."
1378012860-79,Merino,PLAYER,2024/25,Arsenal,player:5304,Mikel Merino,100,player:5304,"he first to score two in a Champions League knockout match. Merino added a third five minutes later, sweeping in a first-time "
1378012860-48,Partey,PLAYER,2024/25,Arsenal,player:2328,Thomas Partey,100,player:2328,"minute, as Saka's far-post corner was headed back across by Partey, the ball bounced in off Saliba's backside. The 2–0 win mea"
1299292288-13,Bernardo Silva,PLAYER,2017/18,Stoke,player:3635,Bernardo Silva,100,player:3635,"king play and goals from Jesus, Fernandinho, Leroy Sané and Bernardo Silva condemned Stoke to their second heaviest Premier League def"
1376913273-27,Dominik Szoboszlai,PLAYER,2025/26,Arsenal,player:9788,Dominik Szoboszlai,100,player:9788,ning Mosquera. Both sides struggled to create chances until Dominik Szoboszlai scored a 30-yard free-kick in the final ten minutes. The re
1372955025-2,Jack Grealish,PLAYER,2015/16,Aston Villa,player:675,Jack Grealish,100,player:675,rong emphasis on discipline at Villa. He dropped midfielder Jack Grealish from the first team after he went partying following a 4–0 
1299292288-0,Phil Bardsley,PLAYER,2017/18,Stoke,player:857,Phil Bardsley,100,player:857,"the summer of 2017 with the departures of Marko Arnautović, Phil Bardsley, Joselu, Jonathan Walters, Philipp Wollscheid and Glenn Whe"
1374517245-6,Romelu Lukaku,PLAYER,2018/19,Man United,player:594,Romelu Lukaku,100,player:594,"Parc des Princes. Needing to score three times to progress, Romelu Lukaku opened the scoring for United in the second minute of the s"
1378012860-79,Lewis-Skelly,PLAYER,2024/25,Arsenal,player:12272,Myles Lewis-Skelly,100,player:12272,"irst-time curling strike into the bottom left corner from a Lewis-Skelly pass. In stoppage time, Real Madrid midfielder Eduardo Cama"
1378012860-47,Trossard,PLAYER,2024/25,Arsenal,player:7698,Leandro Trossard,100,player:7698,"st number of goals in a first half, with Gabriel Magalhães, Trossard, Ødegaard and Havertz putting the Gunners 4–0 up after 35 m"
1363145652-2,Steven Bergwijn,PLAYER,2019/20,Tottenham,player:8300,Steven Bergwijn,100,player:8300,"June, when they hosted Manchester United in a 1–1 draw with Steven Bergwijn on the scoresheet."
1376808313-16,Miguel Britos,PLAYER,2016/17,Stoke,player:567,Miguel Britos,100,player:567,"for an own goal. It was a poor day for Watford, as they had Miguel Britos sent-off late on for two bookable offences."
1324506488-8,Gareth Bale,PLAYER,2020/21,Crystal Palace,player:2251,Gareth Bale,100,player:2251,th Harry Kane scoring a brace and providing two assists for Gareth Bale. Palace got back to winning ways in the middle of the month
1299292288-13,Diouf,PLAYER,2017/18,Stoke,player:868,Mame Biram Diouf,100,player:868,David Silva. Stoke briefly made a comeback with a goal from Diouf and an own goal from Kyle Walker but Stoke had no answer to
1299292288-0,Jonathan Walters,PLAYER,2017/18,Stoke,player:863,Jonathan Walters,100,player:863," the departures of Marko Arnautović, Phil Bardsley, Joselu, Jonathan Walters, Philipp Wollscheid and Glenn Whelan whilst Giannelli Imbul"
1299292288-0,Kevin Wimmer,PLAYER,2017/18,Stoke,player:650,Kevin Wimmer,100,player:650,"Moting, Darren Fletcher, Bruno Martins Indi, Josh Tymon and Kevin Wimmer with Jesé and Kurt Zouma joining on loan."
1378012860-40,Merino,PLAYER,2024/25,Arsenal,player:5304,Mikel Merino,100,player:5304,"e 12th minute. Arsenal had good chances to draw level, with Merino's shot blocked on the line and Rice heading wide from close"
1378012860-76,Rice,PLAYER,2024/25,Arsenal,player:5553,Declan Rice,100,player:5553,"ard (Belgium), Gabriel Magalhães (Brazil), Lewis-Skelly and Rice (England), Saliba (France), Partey (Ghana), Calafiori (Ital"
1299292288-13,David Silva,PLAYER,2017/18,Stoke,player:617,David Silva,100,player:617," an hour with goals from Gabriel Jesus, Raheem Sterling and David Silva. Stoke briefly made a comeback with a goal from Diouf and a"
1299292288-0,Bruno Martins Indi,PLAYER,2017/18,Stoke,player:1743,Bruno Martins Indi,100,player:1743,"to the team were Eric Maxim Choupo-Moting, Darren Fletcher, Bruno Martins Indi, Josh Tymon and Kevin Wimmer with Jesé and Kurt Zouma joini"
1374517245-6,Lukaku,PLAYER,2018/19,Man United,player:594,Romelu Lukaku,100,player:594,"s Princes. Needing to score three times to progress, Romelu Lukaku opened the scoring for United in the second minute of the s"
1357092975-8,Raphinha,PLAYER,2021/22,Leeds,player:8026,Raphinha,100,player:8026,ader was blocked by the hand of Palace defender Marc Guéhi. Raphinha slotted the penalty past Vicente Guaita to win the match fo
1352350294-12,Junior Stanislas,PLAYER,2015/16,Man United,player:463,Junior Stanislas,100,player:463,the Premier League. They fell behind after two minutes when Junior Stanislas struck the first goal from a corner. Marouane Fellaini leve
1299292288-33,Alexandre Lacazette,PLAYER,2017/18,Stoke,player:3277,Alexandre Lacazette,100,player:3277,er goals from Aubameyang and another penalty this time from Alexandre Lacazette condemned Stoke to another defeat.
1378012860-47,Gabriel,PLAYER,2024/25,Arsenal,player:5613,Gabriel,100,player:5613,"ecord for the highest number of goals in a first half, with Gabriel Magalhães, Trossard, Ødegaard and Havertz putting the Gunne"
1376913273-79,Havertz,PLAYER,2025/26,Arsenal,player:5220,Kai Havertz,100,player:5220,"sion, with Rayan Cherki opening the scoring early on before Havertz capitalised on a pressing error by Donnarumma to equalise j"
1378012860-106,Saliba,PLAYER,2024/25,Arsenal,player:6888,William Saliba,100,player:6888,"ng the season, six of them (Martinelli, Partey, Raya, Rice, Saliba and Trossard) each played at least 50 of the total 58 match"
1378012860-79,Raya,PLAYER,2024/25,Arsenal,player:9676,David Raya,100,player:9676," League quarter-final. After a goalless first half in which Raya saved a one-on-one chance from Kylian Mbappé, Rice broke th"
1378012860-106,Partey,PLAYER,2024/25,Arsenal,player:2328,Thomas Partey,100,player:2328,"al's first team during the season, six of them (Martinelli, Partey, Raya, Rice, Saliba and Trossard) each played at least 50 o"
1378012860-76,Lewis-Skelly,PLAYER,2024/25,Arsenal,player:12272,Myles Lewis-Skelly,100,player:12272,"s in March: Trossard (Belgium), Gabriel Magalhães (Brazil), Lewis-Skelly and Rice (England), Saliba (France), Partey (Ghana), Calafi"
1378012860-48,Saliba,PLAYER,2024/25,Arsenal,player:6888,William Saliba,100,player:6888,"r was headed back across by Partey, the ball bounced in off Saliba's backside. The 2–0 win meant that Arsenal had won four con"
1376913273-76,Rice,PLAYER,2025/26,Arsenal,player:5553,Declan Rice,100,player:5553,"il), Nørgaard (Denmark), Hincapié (Ecuador), Madueke, Saka, Rice, and White (England), Havertz (Germany), Calafiori (Italy),"
1378012860-76,Raya,PLAYER,2024/25,Arsenal,player:9676,David Raya,100,player:9676,"s captain), Kiwior (Poland), Tierney (Scotland), Merino and Raya (Spain), and Zinchenko (Ukraine). This was the first time f"
1376808313-39,Butland,PLAYER,2016/17,Stoke,player:856,Jack Butland,100,player:856,ouch scored the only goal of the match on 60 minutes whilst Butland made a number of saves to deny the Saints forwards. The res
1299292288-0,Joselu,PLAYER,2017/18,Stoke,player:866,Joselu,100,player:866,"017 with the departures of Marko Arnautović, Phil Bardsley, Joselu, Jonathan Walters, Philipp Wollscheid and Glenn Whelan whil"
1378012860-45,Saka,PLAYER,2024/25,Arsenal,player:7322,Bukayo Saka,100,player:7322,h the milestone for the club. Goals early in each half from Saka and Partey gave the Gunners a 2–0 lead. Nwaneri netted a la
1299292288-33,Aubameyang,PLAYER,2017/18,Stoke,player:318,Pierre-Emerick Aubameyang,100,player:318,rom there on the players lost belief and further goals from Aubameyang and another penalty this time from Alexandre Lacazette cond
1324506488-6,Tomas Soucek,PLAYER,2020/21,Crystal Palace,player:8288,Tomas Soucek,100,player:8288,"ing a brace. The next game wasn't an improvement, as it was Tomas Soucek's turn to score a brace, in a 3–2 home loss to West Ham Uni"
1299292288-13,Gabriel Jesus,PLAYER,2017/18,Stoke,player:5543,Gabriel Jesus,100,player:5543,"atch and were three down after half an hour with goals from Gabriel Jesus, Raheem Sterling and David Silva. Stoke briefly made a come"
1376913273-76,Raya,PLAYER,2025/26,Arsenal,player:9676,David Raya,100,player:9676,"ertz (Germany), Calafiori (Italy), Mosquera, Zubimendi, and Raya (Spain), and Gyökeres (Sweden)."
1376913273-50,Jake O'Brien,PLAYER,2025/26,Arsenal,player:12014,Jake O'Brien,100,player:12014,"e of 10th-placed Everton. A handball from opposing defender Jake O'Brien inside the box handed Arsenal a 27th-minute penalty, which "
1376913273-79,Haaland,PLAYER,2025/26,Arsenal,player:8260,Erling Haaland,100,player:8260," by Donnarumma to equalise just two minutes later. However, Haaland restored City's lead in the second half, handing Arsenal a "
1324506488-6,Eze,PLAYER,2020/21,Crystal Palace,player:8706,Eberechi Eze,100,player:8706,"olves, Palace gainining revenge for their FA Cup defeat, as Eze scored the only goal of the game to seal a 1–0 win."
1376913273-27,Mosquera,PLAYER,2025/26,Arsenal,player:10024,Cristhian Mosquera,95,player:10024,he field due to injury and being replaced by summer signing Mosquera. Both sides struggled to create chances until Dominik Szobo
1376913273-18,Mosquera,PLAYER,2025/26,Arsenal,player:10024,Cristhian Mosquera,95,player:10024, consisting of an initial fee of €15 million (£13 million). Mosquera arrived in North London with experience beyond his years; s
1376913273-59,Jesus,PLAYER,2025/26,Arsenal,player:5543,Gabriel Jesus,95,player:5543,arked Trossard headed in dangerously from a Saka corner for Jesus to net his second of the night. Both teams exchanged numero
1299292288-13,Tom Edwards,PLAYER,2017/18,Stoke,player:5593,Thomas Edwards,88,player:5593,and Mark Hughes decided to give a debut to academy graduate Tom Edwards. Stoke made a terrible start to the match and were three do
1376808313-20,Mame Diouf,PLAYER,2016/17,Stoke,player:868,Mame Biram Diouf,76.9,player:868,when Jamie Vardy was sent-off for a two-footed challenge on Mame Diouf. Stoke made the most of their numerical advantage and score
1352350294-34,Héctor Moreno,PLAYER,2015/16,Man United,player:608,Alberto Moreno,74.1,NIL,"r following his brace against Club Brugge in the play-offs. Héctor Moreno levelled the game at half-time, and Luciano Narsingh sealed"
1378012860-106,David Seaman,PLAYER,2024/25,Arsenal,player:9676,David Raya,72.7,NIL," games this season, the most by an Arsenal goalkeeper since David Seaman in 1993–94."
1376913273-79,Rayan Cherki,PLAYER,2025/26,Arsenal,player:10744,Ryan Christie,72,player:8094,"y. Guardiola's side controlled much of the possession, with Rayan Cherki opening the scoring early on before Havertz capitalised on "
1374517245-6,Juan Bernat,PLAYER,2018/19,Man United,player:554,Juan Mata,70,NIL,"g for United in the second minute of the second leg, before Juan Bernat restored PSG's two-goal aggregate lead less than 10 minutes"
1374023621-2,David Seaman,PLAYER,2018/19,Leicester,player:617,David Silva,69.6,NIL,on 16 August. The third round draw was made on 30 August by David Seaman and Joleon Lescott. The fourth round draw was made live on 
1376808313-3,Daniel Johnson,PLAYER,2016/17,Stoke,player:944,Glen Johnson,69.2,NIL,"North End at Deepdale, with Mame Biram Diouf cancelling out Daniel Johnson's opener. Stoke made their first signings of the season on "
1378012860-47,Gabriel Magalhães,PLAYER,2024/25,Arsenal,player:6088,Orel Mangala,69,player:5613,"ecord for the highest number of goals in a first half, with Gabriel Magalhães, Trossard, Ødegaard and Havertz putting the Gunners 4–0 up "
1378012860-76,Gabriel Magalhães,PLAYER,2024/25,Arsenal,player:6088,Orel Mangala,69,player:5613,"ds for international fixtures in March: Trossard (Belgium), Gabriel Magalhães (Brazil), Lewis-Skelly and Rice (England), Saliba (France),"
1376913273-22,Lucas Nygaard,PLAYER,2025/26,Arsenal,player:7365,Lucas Paquetá,61.5,NIL,"th an option to make the move permanent, and Academy player Lucas Nygaard make the loan switch to Danish 2nd Division side Brabrand."
1374517245-6,Kylian Mbappé,PLAYER,2018/19,Man United,player:5176,Ryan Babel,60.9,NIL," first leg at Old Trafford, goals from Presnel Kimpembe and Kylian Mbappé gave PSG a 2–0 lead to take back to the Parc des Princes. N"
1378012860-47,Ødegaard,PLAYER,2024/25,Arsenal,player:2517,Martin Odegaard,60.9,player:2517,"of goals in a first half, with Gabriel Magalhães, Trossard, Ødegaard and Havertz putting the Gunners 4–0 up after 35 minutes. Tw"
1378012860-47,Ødegaard,PLAYER,2024/25,Arsenal,player:2517,Martin Odegaard,60.9,player:2517,"story that Arsenal have scored two first-half penalties, as Ødegaard had also dispatched from the spot."
1378012860-79,Courtois,PLAYER,2024/25,Arsenal,player:6665,Curtis Jones,60,player:680,"the 70th minute, as he bent an effort past the outstretched Courtois and into the top right corner. In doing so, he became the f"
1373022066-6,Olivier Kemen,PLAYER,2015/16,Newcastle,player:502,Olivier Giroud,59.3,NIL,1 September 2015: Olivier Kemen has joined Lyon on an undisclosed deal. Shane Ferguson exte
1299292288-4,Glenn Whelan,PLAYER,2017/18,Stoke,player:882,Glenn Murray,58.3,player:862, 4–2 defeat against AS Monaco. On 20 July 2017 long serving Glenn Whelan joined Aston Villa after nine years with the Potters. Defen
1299292288-0,Marc Muniesa,PLAYER,2017/18,Stoke,player:599,Oumar Niasse,58.3,player:860,"d and Glenn Whelan whilst Giannelli Imbula, Bojan Krkić and Marc Muniesa left on season-long loans. Coming into the team were Eric M"
1377034100-4,Micah Richards,PLAYER,2019/20,Aston Villa,player:191,Chicharito,58.3,player:665,"the club, and the first since 2014–15 without Mark Bunn and Micah Richards, who both retired following the expiration of their contrac"
1352350294-34,Luciano Narsingh,PLAYER,2015/16,Man United,player:832,Cuco Martina,57.1,player:5554,"lay-offs. Héctor Moreno levelled the game at half-time, and Luciano Narsingh sealed the game in the 56th minute. In the 24th minute, Uni"
1376913273-59,Petar Sucic,PLAYER,2025/26,Arsenal,player:8288,Tomas Soucek,52.2,NIL,"ason's finalists would not be brushed aside so easily, with Petar Sucic finding the top-right corner on 18 minutes to equalise. The"
1374517245-6,Kimpembe,PLAYER,2018/19,Man United,player:7184,Tim Ream,50,NIL,"sides. In the first leg at Old Trafford, goals from Presnel Kimpembe and Kylian Mbappé gave PSG a 2–0 lead to take back to the P"
1376913273-13,Kepa Arrizabalaga,PLAYER,2025/26,Arsenal,player:9021,Pape Sarr,46.2,player:5061,ng Director Andrea Berta) as 30-year-old Spanish goalkeeper Kepa Arrizabalaga joined from London rivals Chelsea on a long-term deal. The 
1374517245-6,Mbappé,PLAYER,2018/19,Man United,player:6050,Davy Pröpper,44.4,NIL,"uled out for offside, and Bernat hit the post late on after Mbappé had rounded David de Gea. In the 90th minute, referee Damir"
1376913273-91,Newcastle United,TEAM,2025/26,Arsenal,team:Newcastle,Newcastle,100,team:Newcastle,gainst Italian side AC Milan and fellow Premier League side Newcastle United. The matches took place on 23 and 27 July respectively at t
1376808313-16,Hornets,TEAM,2016/17,Stoke,team:Watford,Watford,100,team:Watford,harlie Adam's header hit the post but then deflected in off Hornets' goalkeeper Heurelho Gomes for an own goal. It was a poor d
1377701525-1,Manchester United,TEAM,2017/18,Man City,team:Man United,Man United,100,team:Man United,"wing West Bromwich Albion's 1–0 away win over second-placed Manchester United, and the EFL Cup on 25 February 2018 with a 3–0 win over Ar"
1376913273-93,Manchester City,TEAM,2025/26,Arsenal,team:Man City,Man City,100,team:Man City,"ve leg taking place at home. In the final, the club lost to Manchester City."
1376913273-16,Brentford,TEAM,2025/26,Arsenal,team:Brentford,Brentford,100,team:Brentford, Nørgaard joined from fellow Premier League and London club Brentford on a long-term contract. The deal for the Bees' captain was
1336648088-8,Arsenal,TEAM,2017/18,West Brom,team:Arsenal,Arsenal,100,team:Arsenal,wn on Sky's Super Sunday programme. The rescheduling of the Arsenal home game caused the away game against West Ham United to b
1377527206-2,Brighton & Hove Albion,TEAM,2025/26,Wolves,team:Brighton,Brighton,100,team:Brighton,"weeks after relegation, following a 3–0 away defeat against Brighton & Hove Albion on 9 May, Wolves became the second club to lose against all"
1374028336-3,Manchester United,TEAM,2017/18,Man United,team:Man United,Man United,100,team:Man United,"Manchester United, as winners of the 2016–17 UEFA Europa League faced Real Ma"
1376892747-5,West Bromwich Albion,TEAM,2020/21,West Brom,team:West Brom,West Brom,100,team:West Brom,"by Ideal Boilers. Alongside all other Premier League clubs, West Bromwich Albion's players wore a ""No Room For Racism"" badge on their shirts"
1375896457-1,Tottenham Hotspur,TEAM,2025/26,Brentford,team:Tottenham,Tottenham,100,team:Tottenham,omas Frank departed as head coach after seven years to join Tottenham Hotspur. Keith Andrews was then later appointed as the new head coa
1324506488-6,Sheffield United,TEAM,2020/21,Crystal Palace,team:Sheffield United,Sheffield United,100,team:Sheffield United,"ooting into the bottom right corner, in a 2–0 home win over Sheffield United. However, in the FA Cup, Palace lost 1–0 to Wolves with Ada"
1376912157-3,West Ham United,TEAM,2018/19,West Ham,team:West Ham,West Ham,100,team:West Ham,West Ham United entered the competition in the second round and were drawn 
1376808313-20,Leicester City,TEAM,2016/17,Stoke,team:Leicester,Leicester,100,team:Leicester,"City then faced the champions Leicester City on 17 December, and after an even opening, the match change"
1336648088-8,West Ham United,TEAM,2017/18,West Brom,team:West Ham,West Ham,100,team:West Ham,uling of the Arsenal home game caused the away game against West Ham United to be moved from New Year's Day (Monday) to the following e
1376913273-16,Bees,TEAM,2025/26,Arsenal,team:Brentford,Brentford,100,team:Brentford,on club Brentford on a long-term contract. The deal for the Bees' captain was concluded for an initial fee of £10 million wi
1376913273-16,Brentford,TEAM,2025/26,Arsenal,team:Brentford,Brentford,100,team:Brentford,"er teammate, having played alongside Raya for four years at Brentford."
1374517245-6,Manchester United,TEAM,2018/19,Man United,team:Man United,Man United,100,team:Man United,to bring United within a goal of the quarter-finals. Former Manchester United midfielder Ángel Di María had the ball in the back of the n
1376912157-3,West Ham,TEAM,2018/19,West Ham,team:West Ham,West Ham,100,team:West Ham," made on 30 August 2018 by David Seaman and Joleon Lescott. West Ham were drawn at home against Macclesfield Town, only the thir"
1377701525-1,Arsenal,TEAM,2017/18,Man City,team:Arsenal,Arsenal,100,team:Arsenal,"ed, and the EFL Cup on 25 February 2018 with a 3–0 win over Arsenal, the latter being Pep Guardiola's first trophy at City."
1376913273-22,Brentford,TEAM,2025/26,Arsenal,team:Brentford,Brentford,100,team:Brentford,ss Nelson joined Premier League sides Nottingham Forest and Brentford respectively. Nelson had graduated from the club's academy 
1377701525-1,West Bromwich Albion,TEAM,2017/18,Man City,team:West Brom,West Brom,100,team:West Brom,"heir third Premier League title on 15 April 2018, following West Bromwich Albion's 1–0 away win over second-placed Manchester United, and th"
1336648088-8,Chelsea,TEAM,2017/18,West Brom,team:Chelsea,Chelsea,100,team:Chelsea,"evision. The away games against Arsenal, Leicester City and Chelsea were selected for Sky Sports' Monday Night Football. Home m"
1336648088-17,West Bromwich Albion,TEAM,2017/18,West Brom,team:West Brom,West Brom,100,team:West Brom,"e deceased, to surviving family members—to have represented West Bromwich Albion in league football. The first caps awarded honoured members"
1377701525-8,Manchester United,TEAM,2017/18,Man City,team:Man United,Man United,100,team:Man United,"On 16 May 2017, Manchester City announced they would face Manchester United as part of the 2017 International Champions Cup. Matches ag"
1377527206-2,Burnley,TEAM,2025/26,Wolves,team:Burnley,Burnley,100,team:Burnley,"n the final day of the season, following a 1-1 away draw at Burnley on 24 May, Wolves became the first club to fail to win all "
1376912157-3,Tottenham Hotspur,TEAM,2018/19,West Ham,team:Tottenham,Tottenham,100,team:Tottenham, the subsequent fourth round tie 1–3 at home against rivals Tottenham Hotspur.
1360778273-1,Bournemouth,TEAM,2022/23,Everton,team:Bournemouth,Bournemouth,100,team:Bournemouth," status on the last day of the campaign with a 1–0 win over Bournemouth, thus avoiding a return to the second tier of English footb"
1357092975-8,Brighton,TEAM,2021/22,Leeds,team:Brighton,Brighton,100,team:Brighton," 2–1 defeat at the Tottenham Hotspur Stadium, a 0–0 draw at Brighton followed. Leeds' following match against Crystal Palace at "
1352350294-12,West Ham United,TEAM,2015/16,Man United,team:West Ham,West Ham,100,team:West Ham," club's first match of December was a goalless draw against West Ham United at Old Trafford. On 12 December, United travelled to Dean C"
1376913273-79,City,TEAM,2025/26,Arsenal,team:Man City,Man City,100,team:Man City," equalise just two minutes later. However, Haaland restored City's lead in the second half, handing Arsenal a damaging defea"
1324506488-0,Crystal Palace,TEAM,2020/21,Crystal Palace,team:Crystal Palace,Crystal Palace,100,team:Crystal Palace,The 2020–21 season was Crystal Palace's eighth consecutive season in the Premier League (extendin
1376913273-79,City,TEAM,2025/26,Arsenal,team:Man City,Man City,100,team:Man City," half, handing Arsenal a damaging defeat in the title race. City later defeated Burnley to move top of the table ahead of Ar"
1376913273-13,Chelsea,TEAM,2025/26,Arsenal,team:Chelsea,Chelsea,100,team:Chelsea,"ve goalkeeper ever purchased, after his £72 million move to Chelsea in 2018."
1363145652-2,West Ham,TEAM,2019/20,Tottenham,team:West Ham,West Ham,100,team:West Ham,", including Tottenham's games against Manchester United and West Ham. A further joint statement from the Premier League and UEFA"
1377701525-8,Tottenham Hotspur,TEAM,2017/18,Man City,team:Tottenham,Tottenham,100,team:Tottenham,rt of the 2017 International Champions Cup. Matches against Tottenham Hotspur and Real Madrid were also confirmed as part of the same tou
1377527206-2,Sheffield United,TEAM,2025/26,Wolves,team:Sheffield United,Sheffield United,100,team:Sheffield United,"t all 19 opponents in a single Premier League season, after Sheffield United first did so in the 2023–24 season. On the final day of the"
1376913273-37,Liverpool,TEAM,2025/26,Arsenal,team:Liverpool,Liverpool,100,team:Liverpool,ing after slip-ups from Manchester City and title-defenders Liverpool.
1336648088-8,Arsenal,TEAM,2017/18,West Brom,team:Arsenal,Arsenal,100,team:Arsenal,"ed for live broadcast on television. The away games against Arsenal, Leicester City and Chelsea were selected for Sky Sports' M"
1378012860-106,Gunners,TEAM,2024/25,Arsenal,team:Arsenal,Arsenal,90,team:Arsenal,"de a team-high 56 appearances, the most by a player for the Gunners since Lee Dixon and Nigel Winterburn had both played 57 in "
1299292288-13,Stoke,TEAM,2017/18,Stoke,team:Stoke,Stoke,90,team:Stoke,Following the international break Stoke faced a daunting trip to title favorites Manchester City an
1377527206-2,Wolves,TEAM,2025/26,Wolves,team:Wolves,Wolves,90,team:Wolves," a 3–0 away defeat against Brighton & Hove Albion on 9 May, Wolves became the second club to lose against all 19 opponents in "
1378012860-33,Arsenal,TEAM,2024/25,Arsenal,team:Arsenal,Arsenal,90,team:Arsenal,"Arsenal returned to Champions League action on 1 October, hosting t"
1324506488-8,Palace,TEAM,2020/21,Crystal Palace,team:Crystal Palace,Crystal Palace,90,team:Crystal Palace," Manchester United at home in a 0–0 draw. The next game saw Palace beaten 4–1 by Tottenham Hotspur, with Harry Kane scoring a "
1360778273-1,Everton,TEAM,2022/23,Everton,team:Everton,Everton,90,team:Everton,Everton were in danger of relegation for the entire Premier League 
1376913273-37,Arsenal,TEAM,2025/26,Arsenal,team:Arsenal,Arsenal,90,team:Arsenal,"On 26 October, Arsenal played Crystal Palace at the Emirates for their second Lond"
1299292288-20,Stoke,TEAM,2017/18,Stoke,team:Stoke,Stoke,90,team:Stoke,"ance, losing 5–1. This prompted a furious reaction from the Stoke supporters who chanted against the manager. This continued "
1376913273-37,Gunners,TEAM,2025/26,Arsenal,team:Arsenal,Arsenal,90,team:Arsenal,"he only goal, against his former club. The result meant the Gunners were now four points clear of second position Bournemouth i"
1372955025-2,Villa,TEAM,2015/16,Aston Villa,team:Aston Villa,Aston Villa,90,team:Aston Villa,"ing following a 4–0 loss at Everton. On 29 March 2016, with Villa still bottom of the league, Garde left the club by mutual c"
1376913273-79,Arsenal,TEAM,2025/26,Arsenal,team:Arsenal,Arsenal,90,team:Arsenal,e title race suffered another major blow four days later as Arsenal were defeated 2–1 away to Manchester City. Guardiola's side
1377527206-2,Wolves,TEAM,2025/26,Wolves,team:Wolves,Wolves,90,team:Wolves," the second time, and first since the 2003-04 season, where Wolves failed to do so, thus becoming the first team in Premier Le"
1374517245-6,United,TEAM,2018/19,Man United,team:Man United,Man United,90,team:Man United,"ater. Lukaku then scored again after half an hour, to bring United within a goal of the quarter-finals. Former Manchester Unit"
1376808313-20,City,TEAM,2016/17,Stoke,team:Stoke,Stoke,90,team:Stoke,"City then faced the champions Leicester City on 17 December, and"
1373022066-6,Newcastle,TEAM,2015/16,Newcastle,team:Newcastle,Newcastle,90,team:Newcastle,e Ferguson extends his loan spell to 9 January 2016. Former Newcastle Midfielder Jonás Gutiérrez has signed for Deportivo La Coru
1377440720-4,Brighton,TEAM,2023/24,Brighton,team:Brighton,Brighton,90,team:Brighton,"in at home at Falmer Stadium. Still, between the two games, Brighton would end up losing 4-1 on aggregate to I Giallorossi and w"
1355621210-1,Swansea,TEAM,2017/18,Swansea,team:Swansea,Swansea,90,team:Swansea,Swansea's relegation to the Championship was confirmed on 13 May 20
1376808313-16,Stoke,TEAM,2016/17,Stoke,team:Stoke,Stoke,90,team:Stoke,"ch included the return of Giannelli Imbula. It paid off, as Stoke dominated the match and scored the only goal of the encount"
1376215189-1,Burnley,TEAM,2021/22,Burnley,team:Burnley,Burnley,90,team:Burnley,Burnley suffered poor form throughout their season and in mid-April
1378012860-40,Arsenal,TEAM,2024/25,Arsenal,team:Arsenal,Arsenal,90,team:Arsenal,"the only goal of the game for the hosts in the 12th minute. Arsenal had good chances to draw level, with Merino's shot blocked "
1376248763-7,Liverpool,TEAM,2025/26,Liverpool,team:Liverpool,Liverpool,90,team:Liverpool,"The league phase draw was held on 28 August 2025. Liverpool were drawn at home to Real Madrid, Atlético Madrid, PSV Ein"
1299292288-0,Stoke,TEAM,2017/18,Stoke,team:Stoke,Stoke,90,team:Stoke,There were major changes to the Stoke squad in the summer of 2017 with the departures of Marko Ar
1324506488-8,Palace,TEAM,2020/21,Crystal Palace,team:Crystal Palace,Crystal Palace,90,team:Crystal Palace,"March started as February ended, this time with Palace frustrating Manchester United at home in a 0–0 draw. The ne"
1376808313-3,Stoke,TEAM,2016/17,Stoke,team:Stoke,Stoke,90,team:Stoke,"r (MLS) side Orlando City, with goals from Bojan and Diouf. Stoke also played against Orlando's B team in a behind closed doo"
1357092975-8,Leeds,TEAM,2021/22,Leeds,team:Leeds,Leeds,90,team:Leeds,"mber with Leicester City visiting Elland Road, drawing 1–1. Leeds' following match was a 2–1 defeat at the Tottenham Hotspur "
1376808313-3,Stoke,TEAM,2016/17,Stoke,team:Stoke,Stoke,90,team:Stoke,th Mame Biram Diouf cancelling out Daniel Johnson's opener. Stoke made their first signings of the season on 25 July 2016 wit
1378012860-45,Arsenal,TEAM,2024/25,Arsenal,team:Arsenal,Arsenal,90,team:Arsenal,"t on 23 November. This was Arteta's 250th game in charge of Arsenal in all competitions, the 10th manager to reach the mileston"
1376893447-0,Sunderland,TEAM,2026/27,Sunderland,team:Sunderland,Sunderland,90,team:Sunderland,"The 2026–27 season is the 148th season in the history of Sunderland Association Football Club, and the club's second consecutiv"
1357092975-8,Leeds,TEAM,2021/22,Leeds,team:Leeds,Leeds,90,team:Leeds,"Leeds started November with Leicester City visiting Elland Road, "
1378012860-106,Arsenal,TEAM,2024/25,Arsenal,team:Arsenal,Arsenal,90,team:Arsenal,"The following thirty-two players made appearances for Arsenal's first team during the season, six of them (Martinelli, Pa"
1377440720-4,Albion,TEAM,2023/24,Brighton,team:Brighton,Brighton,90,team:Brighton," Roma in the Round of 16. In the first of the two legs, the Albion would be thrashed 4-0 at Stadio Olimpico, but would defeat "
1376913273-79,Arsenal,TEAM,2025/26,Arsenal,team:Arsenal,Arsenal,90,team:Arsenal,"ty later defeated Burnley to move top of the table ahead of Arsenal on goal difference, with the two sides level on points."
1376215189-1,Burnley,TEAM,2021/22,Burnley,team:Burnley,Burnley,90,team:Burnley,"cluding a last-day 2–1 home defeat to Newcastle United, saw Burnley end the season in 18th position and condemn them to relegat"
1299292288-4,Stoke,TEAM,2017/18,Stoke,team:Stoke,Stoke,90,team:Stoke,ews that Marko Arnautović had submitted a transfer request. Stoke began their pre-season with a 1–0 win against Swiss Challen
1352350294-34,United,TEAM,2015/16,Man United,team:Man United,Man United,90,team:Man United,"ngh sealed the game in the 56th minute. In the 24th minute, United's in-form left-back Luke Shaw suffered a broken leg in a ch"
1376913273-50,Arsenal,TEAM,2025/26,Arsenal,team:Arsenal,Arsenal,90,team:Arsenal,"l from opposing defender Jake O'Brien inside the box handed Arsenal a 27th-minute penalty, which was powerfully dispatched by G"
1324506488-6,Palace,TEAM,2020/21,Crystal Palace,team:Crystal Palace,Crystal Palace,90,team:Crystal Palace,"ss to West Ham United. The next game was at home to Wolves, Palace gainining revenge for their FA Cup defeat, as Eze scored th"
1376913273-59,Gunners,TEAM,2025/26,Arsenal,team:Arsenal,Arsenal,90,team:Arsenal,"finding the top-right corner on 18 minutes to equalise. The Gunners quickly responded to this setback, as an unmarked Trossard "
1374517245-6,United,TEAM,2018/19,Man United,team:Man United,Man United,90,team:Man United,"ree times to progress, Romelu Lukaku opened the scoring for United in the second minute of the second leg, before Juan Bernat "
1376912157-3,AFC Wimbledon,TEAM,2018/19,West Ham,team:Wimbledon,Wimbledon,81.8,NIL, the competition in the second round and were drawn away to AFC Wimbledon. It was the first competitive meeting between the clubs sin
1377034100-4,Birmingham City,TEAM,2019/20,Aston Villa,team:Birmingham,Birmingham,80,team:Birmingham,"ore retiring in February 2020, and Gary Gardner, who joined Birmingham City after spending the previous season on loan at the club, and"
1377860829-1,Bristol City,TEAM,2025/26,Fulham,team:Stoke,Stoke,72.7,NIL," the EFL Cup in the second round, and were drawn at home to Bristol City. They were then drawn at home to Cambridge United in the th"
1377034100-7,Salford,TEAM,2019/20,Aston Villa,team:Watford,Watford,71.4,NIL, the EFL Cup was drawn by Gary Neville and Paul Robinson at Salford City's Moor Lane stadium. The Third Round draw was held on 
1376913273-22,Porto,TEAM,2025/26,Arsenal,team:Portsmouth,Portsmouth,66.7,NIL,"an. Jakub Kiwior departed in a loan deal to Portuguese side Porto which included a €2 million (£1.7 million) loan fee, an obl"
1373022066-6,Lyon,TEAM,2015/16,Newcastle,team:Luton,Luton,66.7,NIL,1 September 2015: Olivier Kemen has joined Lyon on an undisclosed deal. Shane Ferguson extends his loan spe
1376913273-22,Porto,TEAM,2025/26,Arsenal,team:Portsmouth,Portsmouth,66.7,NIL,2 million (£1.7 million) if Kiwior secures a move away from Porto in the future. Kiwior made 68 appearances across two and a 
1376913273-22,Brabrand,TEAM,2025/26,Arsenal,team:Bradford,Bradford,62.5,NIL,as Nygaard make the loan switch to Danish 2nd Division side Brabrand.
1378012860-79,Madrid,TEAM,2024/25,Arsenal,team:Bradford,Bradford,57.1,NIL,'s side a three-goal advantage heading to the second leg in Madrid the next week. The victory also meant that England had secu
1376913273-59,Inter Milan,TEAM,2025/26,Arsenal,team:Sunderland,Sunderland,57.1,NIL,"days with a trip to San Siro to face Italian Serie A giants Inter Milan in the Champions League, a rematch of the previous season's"
1377701525-8,Real Madrid,TEAM,2017/18,Man City,team:Reading,Reading,55.6,NIL,tional Champions Cup. Matches against Tottenham Hotspur and Real Madrid were also confirmed as part of the same tournament. A stand
1378012860-79,Real Madrid,TEAM,2024/25,Arsenal,team:Reading,Reading,55.6,NIL,e deadlock on 58 minutes when he curled a strike around the Real Madrid wall and just inside visiting goalkeeper Thibaut Courtois' 
1374028336-3,Real Madrid,TEAM,2017/18,Man United,team:Reading,Reading,55.6,NIL," United, as winners of the 2016–17 UEFA Europa League faced Real Madrid, winners of the 2016–17 UEFA Champions League for the 2017 "
1378012860-79,Real Madrid,TEAM,2024/25,Arsenal,team:Reading,Reading,55.6,NIL,"tom left corner from a Lewis-Skelly pass. In stoppage time, Real Madrid midfielder Eduardo Camavinga was sent off after receiving a"
1376913273-50,Rice,TEAM,2025/26,Arsenal,team:Norwich,Norwich,54.5,player:5553,"res. In the second half, Trossard was fed a through pass by Rice and unleashed a potent shot onto the post. The visitors mis"
1376913273-50,Trossard,TEAM,2025/26,Arsenal,team:Watford,Watford,53.3,player:7698," was powerfully dispatched by Gyökeres. In the second half, Trossard was fed a through pass by Rice and unleashed a potent shot "
1376913273-18,Valencia,TEAM,2025/26,Arsenal,team:Arsenal,Arsenal,53.3,NIL,panish defender Cristhian Mosquera joined from La Liga side Valencia on a long-term deal. The deal was concluded for a total pac
1376913273-91,AC Milan,TEAM,2025/26,Arsenal,team:Aston Villa,Aston Villa,52.6,NIL, first time since 2018 to play matches against Italian side AC Milan and fellow Premier League side Newcastle United. The matche
1376248763-4,AC Milan,TEAM,2025/26,Liverpool,team:Aston Villa,Aston Villa,52.6,NIL," for a pre-season tour, with one friendly confirmed against AC Milan in Hong Kong. A week later, the second friendly of the tour"
1376913273-22,Hamburger SV,TEAM,2025/26,Arsenal,team:Luton,Luton,52.6,NIL,"yers starting with Albert Sambi Lokonga joining German side Hamburger SV in a permanent deal, having spent much of his four years at"
1376248763-4,Preston North End,TEAM,2025/26,Liverpool,team:West Ham,West Ham,50,NIL,"in Japan. An extra friendly ahead of the Asian tour against Preston North End was confirmed on 5 June 2025. Five days later, a double-hea"
1377701525-8,Girona,TEAM,2017/18,Man City,team:Birmingham,Birmingham,50,NIL,Iceland. A friendly was also scheduled against partner club Girona to take place after the first match of the Premier League s
1374517245-6,PSG,TEAM,2018/19,Man United,team:Tottenham,Tottenham,50,NIL,"rafford, goals from Presnel Kimpembe and Kylian Mbappé gave PSG a 2–0 lead to take back to the Parc des Princes. Needing to"
1352350294-34,PSV,TEAM,2015/16,Man United,team:Tottenham,Tottenham,50,NIL,"chester United were drawn into Group B with Dutch champions PSV, the runners-up from Russia and Germany, CSKA Moscow and Vf"
1377440720-4,Roma,TEAM,2023/24,Brighton,team:Middlesbrough,Middlesbrough,50,NIL," would be thrashed 4-0 at Stadio Olimpico, but would defeat Roma in a 1-0 win at home at Falmer Stadium. Still, between the "
1374517245-6,PSG,TEAM,2018/19,Man United,team:Tottenham,Tottenham,50,NIL,"econd minute of the second leg, before Juan Bernat restored PSG's two-goal aggregate lead less than 10 minutes later. Lukak"
1299292288-4,AS Monaco,TEAM,2017/18,Stoke,team:Arsenal,Arsenal,50,NIL, Stoke's last match in Switzerland was a 4–2 defeat against AS Monaco. On 20 July 2017 long serving Glenn Whelan joined Aston Vil
1376913273-59,Club Brugge,TEAM,2025/26,Arsenal,team:Burnley,Burnley,44.4,NIL,"n changes to the starting lineup from December's clash with Club Brugge, notably handing Jesus his first Champions League start of "
1376248763-7,Galatasaray,TEAM,2025/26,Liverpool,team:Burnley,Burnley,44.4,NIL,"and away to Inter Milan, Eintracht Frankfurt, Marseille and Galatasaray."
1373022066-6,Deportivo La Coruña,TEAM,2015/16,Newcastle,team:Huddersfield,Huddersfield,44.4,NIL, Former Newcastle Midfielder Jonás Gutiérrez has signed for Deportivo La Coruña on a free transfer. Haris Vučkić joins Wigan Athletic on a 
1376248763-7,Qarabağ,TEAM,2025/26,Liverpool,team:Arsenal,Arsenal,42.9,NIL,"awn at home to Real Madrid, Atlético Madrid, PSV Eindhoven, Qarabağ, and away to Inter Milan, Eintracht Frankfurt, Marseille an"
1299292288-4,BSC Young Boys,TEAM,2017/18,Stoke,team:Bournemouth,Bournemouth,41.4,NIL,e Neuchâtel Xamax with Igor Djuric scoring a late own goal. BSC Young Boys were Stoke's final opponents in the Uhrencup on 12 July 201
1378012860-33,Paris Saint-Germain,TEAM,2024/25,Arsenal,team:Sunderland,Sunderland,41.4,NIL,son's Ligue 1 champions and Champions League semi-finalists Paris Saint-Germain. The Gunners took the lead in the 20th minute through Haver
1352350294-34,CSKA Moscow,TEAM,2015/16,Man United,team:Blackpool,Blackpool,40,NIL,"burg. Manchester United had been drawn in the same group as CSKA Moscow and Wolfsburg in 2009–10, while they had met PSV in the fir"
1299292288-20,Wembley,VENUE,2017/18,Stoke,venue:wembley,Wembley Stadium,100,venue:wembley,"City then had a rare trip to Wembley, the temporary home of Tottenham Hotspur. Stoke put in an e"
1352350294-12,Dean Court,VENUE,2015/16,Man United,venue:vitality,Vitality Stadium,100,venue:vitality,"United at Old Trafford. On 12 December, United travelled to Dean Court to face AFC Bournemouth, who were new to the Premier League"
1376913273-37,Emirates,VENUE,2025/26,Arsenal,venue:emirates,Emirates Stadium,100,venue:emirates,"On 26 October, Arsenal played Crystal Palace at the Emirates for their second London Derby in eight days. In a relativel"
1378012860-48,Emirates,VENUE,2024/25,Arsenal,venue:emirates,Emirates Stadium,100,venue:emirates,nal played their 500th competitive men's first-team game at Emirates Stadium against 9th-placed Manchester United. Timber broke 
1377440720-4,Stadio Olimpico,VENUE,2023/24,Brighton,venue:stadium_of_light,Stadium of Light,58.1,NIL," first of the two legs, the Albion would be thrashed 4-0 at Stadio Olimpico, but would defeat Roma in a 1-0 win at home at Falmer Stadi"
1376913273-91,Kai Tak Sports Park,VENUE,2025/26,Arsenal,venue:st_james,St James' Park,52.9,NIL,"of the fixture. The match took place in the recently opened Kai Tak Sports Park on 31 July. On 11 April, Arsenal announced that they would "
1374517245-6,Parc des Princes,VENUE,2018/19,Man United,venue:stamford_bridge,Stamford Bridge,45.2,NIL,"e and Kylian Mbappé gave PSG a 2–0 lead to take back to the Parc des Princes. Needing to score three times to progress, Romelu Lukaku op"
