article_title,revid,url,licence
2015–16 AFC Bournemouth season,1375154495,https://en.wikipedia.org/w/index.php?oldid=1375154495,CC BY-SA 4.0
2015–16 Arsenal F.C. season,1376296655,https://en.wikipedia.org/w/index.php?oldid=1376296655,CC BY-SA 4.0
2015–16 Aston Villa F.C. season,1372955025,https://en.wikipedia.org/w/index.php?oldid=1372955025,CC BY-SA 4.0
2015–16 Chelsea F.C. season,1376278286,https://en.wikipedia.org/w/index.php?oldid=1376278286,CC BY-SA 4.0
2015–16 Crystal Palace F.C. season,1372970779,https://en.wikipedia.org/w/index.php?oldid=1372970779,CC BY-SA 4.0
2015–16 Everton F.C. season,1372976873,https://en.wikipedia.org/w/index.php?oldid=1372976873,CC BY-SA 4.0
2015–16 Leicester City F.C. season,1370473810,https://en.wikipedia.org/w/index.php?oldid=1370473810,CC BY-SA 4.0
2015–16 Liverpool F.C. season,1374018487,https://en.wikipedia.org/w/index.php?oldid=1374018487,CC BY-SA 4.0
2015–16 Manchester City F.C. season,1369177848,https://en.wikipedia.org/w/index.php?oldid=1369177848,CC BY-SA 4.0
2015–16 Manchester United F.C. season,1352350294,https://en.wikipedia.org/w/index.php?oldid=1352350294,CC BY-SA 4.0
2015–16 Newcastle United F.C. season,1373022066,https://en.wikipedia.org/w/index.php?oldid=1373022066,CC BY-SA 4.0
2015–16 Norwich City F.C. season,1356422506,https://en.wikipedia.org/w/index.php?oldid=1356422506,CC BY-SA 4.0
2015–16 Southampton F.C. season,1373054468,https://en.wikipedia.org/w/index.php?oldid=1373054468,CC BY-SA 4.0
2015–16 Stoke City F.C. season,1373055837,https://en.wikipedia.org/w/index.php?oldid=1373055837,CC BY-SA 4.0
2015–16 Sunderland A.F.C. season,1357259752,https://en.wikipedia.org/w/index.php?oldid=1357259752,CC BY-SA 4.0
2015–16 Swansea City A.F.C. season,1373056985,https://en.wikipedia.org/w/index.php?oldid=1373056985,CC BY-SA 4.0
2015–16 Tottenham Hotspur F.C. season,1363280579,https://en.wikipedia.org/w/index.php?oldid=1363280579,CC BY-SA 4.0
2015–16 Watford F.C. season,1354917481,https://en.wikipedia.org/w/index.php?oldid=1354917481,CC BY-SA 4.0
2015–16 West Bromwich Albion F.C. season,1373068218,https://en.wikipedia.org/w/index.php?oldid=1373068218,CC BY-SA 4.0
2015–16 West Ham United F.C. season,1376912010,https://en.wikipedia.org/w/index.php?oldid=1376912010,CC BY-SA 4.0
2016–17 AFC Bournemouth season,1375154365,https://en.wikipedia.org/w/index.php?oldid=1375154365,CC BY-SA 4.0
2016–17 Arsenal F.C. season,1377987977,https://en.wikipedia.org/w/index.php?oldid=1377987977,CC BY-SA 4.0
2016–17 Burnley F.C. season,1324790235,https://en.wikipedia.org/w/index.php?oldid=1324790235,CC BY-SA 4.0
2016–17 Chelsea F.C. season,1376538199,https://en.wikipedia.org/w/index.php?oldid=1376538199,CC BY-SA 4.0
2016–17 Crystal Palace F.C. season,1366880030,https://en.wikipedia.org/w/index.php?oldid=1366880030,CC BY-SA 4.0
2016–17 Everton F.C. season,1373508776,https://en.wikipedia.org/w/index.php?oldid=1373508776,CC BY-SA 4.0
2016–17 Hull City A.F.C. season,1358907300,https://en.wikipedia.org/w/index.php?oldid=1358907300,CC BY-SA 4.0
2016–17 Leicester City F.C. season,1376278692,https://en.wikipedia.org/w/index.php?oldid=1376278692,CC BY-SA 4.0
2016–17 Liverpool F.C. season,1373700175,https://en.wikipedia.org/w/index.php?oldid=1373700175,CC BY-SA 4.0
2016–17 Manchester City F.C. season,1373539879,https://en.wikipedia.org/w/index.php?oldid=1373539879,CC BY-SA 4.0
2016–17 Manchester United F.C. season,1369641870,https://en.wikipedia.org/w/index.php?oldid=1369641870,CC BY-SA 4.0
2016–17 Middlesbrough F.C. season,1354999674,https://en.wikipedia.org/w/index.php?oldid=1354999674,CC BY-SA 4.0
2016–17 Southampton F.C. season,1373605922,https://en.wikipedia.org/w/index.php?oldid=1373605922,CC BY-SA 4.0
2016–17 Stoke City F.C. season,1376808313,https://en.wikipedia.org/w/index.php?oldid=1376808313,CC BY-SA 4.0
2016–17 Sunderland A.F.C. season,1356959223,https://en.wikipedia.org/w/index.php?oldid=1356959223,CC BY-SA 4.0
2016–17 Swansea City A.F.C. season,1373608930,https://en.wikipedia.org/w/index.php?oldid=1373608930,CC BY-SA 4.0
2016–17 Tottenham Hotspur F.C. season,1374183322,https://en.wikipedia.org/w/index.php?oldid=1374183322,CC BY-SA 4.0
2016–17 Watford F.C. season,1373617334,https://en.wikipedia.org/w/index.php?oldid=1373617334,CC BY-SA 4.0
2016–17 West Bromwich Albion F.C. season,1357131389,https://en.wikipedia.org/w/index.php?oldid=1357131389,CC BY-SA 4.0
2016–17 West Ham United F.C. season,1376912117,https://en.wikipedia.org/w/index.php?oldid=1376912117,CC BY-SA 4.0
2017–18 AFC Bournemouth season,1375154329,https://en.wikipedia.org/w/index.php?oldid=1375154329,CC BY-SA 4.0
2017–18 Arsenal F.C. season,1365627427,https://en.wikipedia.org/w/index.php?oldid=1365627427,CC BY-SA 4.0
2017–18 Brighton & Hove Albion F.C. season,1373953042,https://en.wikipedia.org/w/index.php?oldid=1373953042,CC BY-SA 4.0
2017–18 Burnley F.C. season,1308066161,https://en.wikipedia.org/w/index.php?oldid=1308066161,CC BY-SA 4.0
2017–18 Chelsea F.C. season,1376278870,https://en.wikipedia.org/w/index.php?oldid=1376278870,CC BY-SA 4.0
2017–18 Crystal Palace F.C. season,1373977231,https://en.wikipedia.org/w/index.php?oldid=1373977231,CC BY-SA 4.0
2017–18 Everton F.C. season,1375902214,https://en.wikipedia.org/w/index.php?oldid=1375902214,CC BY-SA 4.0
2017–18 Huddersfield Town A.F.C. season,1368654506,https://en.wikipedia.org/w/index.php?oldid=1368654506,CC BY-SA 4.0
2017–18 Leicester City F.C. season,1375568724,https://en.wikipedia.org/w/index.php?oldid=1375568724,CC BY-SA 4.0
2017–18 Liverpool F.C. season,1372797101,https://en.wikipedia.org/w/index.php?oldid=1372797101,CC BY-SA 4.0
2017–18 Manchester City F.C. season,1377701525,https://en.wikipedia.org/w/index.php?oldid=1377701525,CC BY-SA 4.0
2017–18 Manchester United F.C. season,1374028336,https://en.wikipedia.org/w/index.php?oldid=1374028336,CC BY-SA 4.0
2017–18 Newcastle United F.C. season,1375842868,https://en.wikipedia.org/w/index.php?oldid=1375842868,CC BY-SA 4.0
2017–18 Southampton F.C. season,1374067025,https://en.wikipedia.org/w/index.php?oldid=1374067025,CC BY-SA 4.0
2017–18 Stoke City F.C. season,1299292288,https://en.wikipedia.org/w/index.php?oldid=1299292288,CC BY-SA 4.0
2017–18 Swansea City A.F.C. season,1355621210,https://en.wikipedia.org/w/index.php?oldid=1355621210,CC BY-SA 4.0
2017–18 Tottenham Hotspur F.C. season,1363145833,https://en.wikipedia.org/w/index.php?oldid=1363145833,CC BY-SA 4.0
2017–18 Watford F.C. season,1357310733,https://en.wikipedia.org/w/index.php?oldid=1357310733,CC BY-SA 4.0
2017–18 West Bromwich Albion F.C. season,1336648088,https://en.wikipedia.org/w/index.php?oldid=1336648088,CC BY-SA 4.0
2017–18 West Ham United F.C. season,1376911614,https://en.wikipedia.org/w/index.php?oldid=1376911614,CC BY-SA 4.0
2018–19 AFC Bournemouth season,1375153757,https://en.wikipedia.org/w/index.php?oldid=1375153757,CC BY-SA 4.0
2018–19 Arsenal F.C. season,1377951989,https://en.wikipedia.org/w/index.php?oldid=1377951989,CC BY-SA 4.0
2018–19 Brighton & Hove Albion F.C. season,1375104545,https://en.wikipedia.org/w/index.php?oldid=1375104545,CC BY-SA 4.0
2018–19 Burnley F.C. season,1312293036,https://en.wikipedia.org/w/index.php?oldid=1312293036,CC BY-SA 4.0
2018–19 Cardiff City F.C. season,1374467949,https://en.wikipedia.org/w/index.php?oldid=1374467949,CC BY-SA 4.0
2018–19 Chelsea F.C. season,1374468588,https://en.wikipedia.org/w/index.php?oldid=1374468588,CC BY-SA 4.0
2018–19 Crystal Palace F.C. season,1374472014,https://en.wikipedia.org/w/index.php?oldid=1374472014,CC BY-SA 4.0
2018–19 Everton F.C. season,1374481313,https://en.wikipedia.org/w/index.php?oldid=1374481313,CC BY-SA 4.0
2018–19 Fulham F.C. season,1374493084,https://en.wikipedia.org/w/index.php?oldid=1374493084,CC BY-SA 4.0
2018–19 Huddersfield Town A.F.C. season,1356296773,https://en.wikipedia.org/w/index.php?oldid=1356296773,CC BY-SA 4.0
2018–19 Leicester City F.C. season,1374023621,https://en.wikipedia.org/w/index.php?oldid=1374023621,CC BY-SA 4.0
2018–19 Liverpool F.C. season,1376279294,https://en.wikipedia.org/w/index.php?oldid=1376279294,CC BY-SA 4.0
2018–19 Manchester City F.C. season,1377701409,https://en.wikipedia.org/w/index.php?oldid=1377701409,CC BY-SA 4.0
2018–19 Manchester United F.C. season,1374517245,https://en.wikipedia.org/w/index.php?oldid=1374517245,CC BY-SA 4.0
2018–19 Newcastle United F.C. season,1374532284,https://en.wikipedia.org/w/index.php?oldid=1374532284,CC BY-SA 4.0
2018–19 Southampton F.C. season,1374568344,https://en.wikipedia.org/w/index.php?oldid=1374568344,CC BY-SA 4.0
2018–19 Tottenham Hotspur F.C. season,1376342840,https://en.wikipedia.org/w/index.php?oldid=1376342840,CC BY-SA 4.0
2018–19 Watford F.C. season,1374592204,https://en.wikipedia.org/w/index.php?oldid=1374592204,CC BY-SA 4.0
2018–19 West Ham United F.C. season,1376912157,https://en.wikipedia.org/w/index.php?oldid=1376912157,CC BY-SA 4.0
2018–19 Wolverhampton Wanderers F.C. season,1374594083,https://en.wikipedia.org/w/index.php?oldid=1374594083,CC BY-SA 4.0
2019–20 AFC Bournemouth season,1375153887,https://en.wikipedia.org/w/index.php?oldid=1375153887,CC BY-SA 4.0
2019–20 Arsenal F.C. season,1376892605,https://en.wikipedia.org/w/index.php?oldid=1376892605,CC BY-SA 4.0
2019–20 Aston Villa F.C. season,1377034100,https://en.wikipedia.org/w/index.php?oldid=1377034100,CC BY-SA 4.0
2019–20 Brighton & Hove Albion F.C. season,1375231993,https://en.wikipedia.org/w/index.php?oldid=1375231993,CC BY-SA 4.0
2019–20 Burnley F.C. season,1356098419,https://en.wikipedia.org/w/index.php?oldid=1356098419,CC BY-SA 4.0
2019–20 Chelsea F.C. season,1378440316,https://en.wikipedia.org/w/index.php?oldid=1378440316,CC BY-SA 4.0
2019–20 Crystal Palace F.C. season,1341836071,https://en.wikipedia.org/w/index.php?oldid=1341836071,CC BY-SA 4.0
2019–20 Everton F.C. season,1375275862,https://en.wikipedia.org/w/index.php?oldid=1375275862,CC BY-SA 4.0
2019–20 Leicester City F.C. season,1373859448,https://en.wikipedia.org/w/index.php?oldid=1373859448,CC BY-SA 4.0
2019–20 Liverpool F.C. season,1374509598,https://en.wikipedia.org/w/index.php?oldid=1374509598,CC BY-SA 4.0
2019–20 Manchester City F.C. season,1375320596,https://en.wikipedia.org/w/index.php?oldid=1375320596,CC BY-SA 4.0
2019–20 Manchester United F.C. season,1368692353,https://en.wikipedia.org/w/index.php?oldid=1368692353,CC BY-SA 4.0
2019–20 Newcastle United F.C. season,1375334018,https://en.wikipedia.org/w/index.php?oldid=1375334018,CC BY-SA 4.0
2019–20 Norwich City F.C. season,1375335757,https://en.wikipedia.org/w/index.php?oldid=1375335757,CC BY-SA 4.0
2019–20 Sheffield United F.C. season,1355253367,https://en.wikipedia.org/w/index.php?oldid=1355253367,CC BY-SA 4.0
2019–20 Southampton F.C. season,1366900178,https://en.wikipedia.org/w/index.php?oldid=1366900178,CC BY-SA 4.0
2019–20 Tottenham Hotspur F.C. season,1363145652,https://en.wikipedia.org/w/index.php?oldid=1363145652,CC BY-SA 4.0
2019–20 Watford F.C. season,1375374933,https://en.wikipedia.org/w/index.php?oldid=1375374933,CC BY-SA 4.0
2019–20 West Ham United F.C. season,1376911849,https://en.wikipedia.org/w/index.php?oldid=1376911849,CC BY-SA 4.0
2019–20 Wolverhampton Wanderers F.C. season,1375376986,https://en.wikipedia.org/w/index.php?oldid=1375376986,CC BY-SA 4.0
2020–21 Arsenal F.C. season,1376892761,https://en.wikipedia.org/w/index.php?oldid=1376892761,CC BY-SA 4.0
2020–21 Aston Villa F.C. season,1375721235,https://en.wikipedia.org/w/index.php?oldid=1375721235,CC BY-SA 4.0
2020–21 Brighton & Hove Albion F.C. season,1376799838,https://en.wikipedia.org/w/index.php?oldid=1376799838,CC BY-SA 4.0
2020–21 Burnley F.C. season,1375735079,https://en.wikipedia.org/w/index.php?oldid=1375735079,CC BY-SA 4.0
2020–21 Chelsea F.C. season,1375740542,https://en.wikipedia.org/w/index.php?oldid=1375740542,CC BY-SA 4.0
2020–21 Crystal Palace F.C. season,1324506488,https://en.wikipedia.org/w/index.php?oldid=1324506488,CC BY-SA 4.0
2020–21 Everton F.C. season,1375753628,https://en.wikipedia.org/w/index.php?oldid=1375753628,CC BY-SA 4.0
2020–21 Fulham F.C. season,1324166710,https://en.wikipedia.org/w/index.php?oldid=1324166710,CC BY-SA 4.0
2020–21 Leeds United F.C. season,1378465485,https://en.wikipedia.org/w/index.php?oldid=1378465485,CC BY-SA 4.0
2020–21 Leicester City F.C. season,1375782532,https://en.wikipedia.org/w/index.php?oldid=1375782532,CC BY-SA 4.0
2020–21 Liverpool F.C. season,1373714333,https://en.wikipedia.org/w/index.php?oldid=1373714333,CC BY-SA 4.0
2020–21 Manchester City F.C. season,1377701309,https://en.wikipedia.org/w/index.php?oldid=1377701309,CC BY-SA 4.0
2020–21 Manchester United F.C. season,1375786548,https://en.wikipedia.org/w/index.php?oldid=1375786548,CC BY-SA 4.0
2020–21 Newcastle United F.C. season,1367968746,https://en.wikipedia.org/w/index.php?oldid=1367968746,CC BY-SA 4.0
2020–21 Sheffield United F.C. season,1375820414,https://en.wikipedia.org/w/index.php?oldid=1375820414,CC BY-SA 4.0
2020–21 Southampton F.C. season,1358618123,https://en.wikipedia.org/w/index.php?oldid=1358618123,CC BY-SA 4.0
2020–21 Tottenham Hotspur F.C. season,1375824298,https://en.wikipedia.org/w/index.php?oldid=1375824298,CC BY-SA 4.0
2020–21 West Bromwich Albion F.C. season,1376892747,https://en.wikipedia.org/w/index.php?oldid=1376892747,CC BY-SA 4.0
2020–21 West Ham United F.C. season,1376912470,https://en.wikipedia.org/w/index.php?oldid=1376912470,CC BY-SA 4.0
2020–21 Wolverhampton Wanderers F.C. season,1373360583,https://en.wikipedia.org/w/index.php?oldid=1373360583,CC BY-SA 4.0
2021–22 Arsenal F.C. season,1376892846,https://en.wikipedia.org/w/index.php?oldid=1376892846,CC BY-SA 4.0
2021–22 Aston Villa F.C. season,1377033010,https://en.wikipedia.org/w/index.php?oldid=1377033010,CC BY-SA 4.0
2021–22 Brentford F.C. season,1361965476,https://en.wikipedia.org/w/index.php?oldid=1361965476,CC BY-SA 4.0
2021–22 Brighton & Hove Albion F.C. season,1378386821,https://en.wikipedia.org/w/index.php?oldid=1378386821,CC BY-SA 4.0
2021–22 Burnley F.C. season,1376215189,https://en.wikipedia.org/w/index.php?oldid=1376215189,CC BY-SA 4.0
2021–22 Chelsea F.C. season,1377827827,https://en.wikipedia.org/w/index.php?oldid=1377827827,CC BY-SA 4.0
2021–22 Crystal Palace F.C. season,1376223614,https://en.wikipedia.org/w/index.php?oldid=1376223614,CC BY-SA 4.0
2021–22 Everton F.C. season,1376233155,https://en.wikipedia.org/w/index.php?oldid=1376233155,CC BY-SA 4.0
2021–22 Leeds United F.C. season,1357092975,https://en.wikipedia.org/w/index.php?oldid=1357092975,CC BY-SA 4.0
2021–22 Leicester City F.C. season,1376275842,https://en.wikipedia.org/w/index.php?oldid=1376275842,CC BY-SA 4.0
2021–22 Liverpool F.C. season,1376279936,https://en.wikipedia.org/w/index.php?oldid=1376279936,CC BY-SA 4.0
2021–22 Manchester City F.C. season,1377701209,https://en.wikipedia.org/w/index.php?oldid=1377701209,CC BY-SA 4.0
2021–22 Manchester United F.C. season,1376280507,https://en.wikipedia.org/w/index.php?oldid=1376280507,CC BY-SA 4.0
2021–22 Newcastle United F.C. season,1367968682,https://en.wikipedia.org/w/index.php?oldid=1367968682,CC BY-SA 4.0
2021–22 Norwich City F.C. season,1376618994,https://en.wikipedia.org/w/index.php?oldid=1376618994,CC BY-SA 4.0
2021–22 Southampton F.C. season,1376312289,https://en.wikipedia.org/w/index.php?oldid=1376312289,CC BY-SA 4.0
2021–22 Tottenham Hotspur F.C. season,1371935330,https://en.wikipedia.org/w/index.php?oldid=1371935330,CC BY-SA 4.0
2021–22 Watford F.C. season,1377992638,https://en.wikipedia.org/w/index.php?oldid=1377992638,CC BY-SA 4.0
2021–22 West Ham United F.C. season,1309767894,https://en.wikipedia.org/w/index.php?oldid=1309767894,CC BY-SA 4.0
2021–22 Wolverhampton Wanderers F.C. season,1376327463,https://en.wikipedia.org/w/index.php?oldid=1376327463,CC BY-SA 4.0
2022–23 AFC Bournemouth season,1376912376,https://en.wikipedia.org/w/index.php?oldid=1376912376,CC BY-SA 4.0
2022–23 Arsenal F.C. season,1376893006,https://en.wikipedia.org/w/index.php?oldid=1376893006,CC BY-SA 4.0
2022–23 Aston Villa F.C. season,1378162817,https://en.wikipedia.org/w/index.php?oldid=1378162817,CC BY-SA 4.0
2022–23 Brentford F.C. season,1368353895,https://en.wikipedia.org/w/index.php?oldid=1368353895,CC BY-SA 4.0
2022–23 Brighton & Hove Albion F.C. season,1376799279,https://en.wikipedia.org/w/index.php?oldid=1376799279,CC BY-SA 4.0
2022–23 Chelsea F.C. season,1376804735,https://en.wikipedia.org/w/index.php?oldid=1376804735,CC BY-SA 4.0
2022–23 Crystal Palace F.C. season,1356959064,https://en.wikipedia.org/w/index.php?oldid=1356959064,CC BY-SA 4.0
2022–23 Everton F.C. season,1360778273,https://en.wikipedia.org/w/index.php?oldid=1360778273,CC BY-SA 4.0
2022–23 Fulham F.C. season,1376826252,https://en.wikipedia.org/w/index.php?oldid=1376826252,CC BY-SA 4.0
2022–23 Leeds United F.C. season,1376842613,https://en.wikipedia.org/w/index.php?oldid=1376842613,CC BY-SA 4.0
2022–23 Leicester City F.C. season,1356894797,https://en.wikipedia.org/w/index.php?oldid=1356894797,CC BY-SA 4.0
2022–23 Liverpool F.C. season,1374509770,https://en.wikipedia.org/w/index.php?oldid=1374509770,CC BY-SA 4.0
2022–23 Manchester City F.C. season,1377685224,https://en.wikipedia.org/w/index.php?oldid=1377685224,CC BY-SA 4.0
2022–23 Manchester United F.C. season,1377002633,https://en.wikipedia.org/w/index.php?oldid=1377002633,CC BY-SA 4.0
2022–23 Newcastle United F.C. season,1376866694,https://en.wikipedia.org/w/index.php?oldid=1376866694,CC BY-SA 4.0
2022–23 Nottingham Forest F.C. season,1377864162,https://en.wikipedia.org/w/index.php?oldid=1377864162,CC BY-SA 4.0
2022–23 Southampton F.C. season,1376909647,https://en.wikipedia.org/w/index.php?oldid=1376909647,CC BY-SA 4.0
2022–23 Tottenham Hotspur F.C. season,1376918729,https://en.wikipedia.org/w/index.php?oldid=1376918729,CC BY-SA 4.0
2022–23 West Ham United F.C. season,1376937142,https://en.wikipedia.org/w/index.php?oldid=1376937142,CC BY-SA 4.0
2022–23 Wolverhampton Wanderers F.C. season,1376940967,https://en.wikipedia.org/w/index.php?oldid=1376940967,CC BY-SA 4.0
2023–24 AFC Bournemouth season,1376912815,https://en.wikipedia.org/w/index.php?oldid=1376912815,CC BY-SA 4.0
2023–24 Arsenal F.C. season,1375362343,https://en.wikipedia.org/w/index.php?oldid=1375362343,CC BY-SA 4.0
2023–24 Aston Villa F.C. season,1378162166,https://en.wikipedia.org/w/index.php?oldid=1378162166,CC BY-SA 4.0
2023–24 Brentford F.C. season,1376912774,https://en.wikipedia.org/w/index.php?oldid=1376912774,CC BY-SA 4.0
2023–24 Brighton & Hove Albion F.C. season,1377440720,https://en.wikipedia.org/w/index.php?oldid=1377440720,CC BY-SA 4.0
2023–24 Burnley F.C. season,1377442842,https://en.wikipedia.org/w/index.php?oldid=1377442842,CC BY-SA 4.0
2023–24 Chelsea F.C. season,1378534148,https://en.wikipedia.org/w/index.php?oldid=1378534148,CC BY-SA 4.0
2023–24 Crystal Palace F.C. season,1370311248,https://en.wikipedia.org/w/index.php?oldid=1370311248,CC BY-SA 4.0
2023–24 Everton F.C. season,1377464202,https://en.wikipedia.org/w/index.php?oldid=1377464202,CC BY-SA 4.0
2023–24 Fulham F.C. season,1357291799,https://en.wikipedia.org/w/index.php?oldid=1357291799,CC BY-SA 4.0
2023–24 Liverpool F.C. season,1377508435,https://en.wikipedia.org/w/index.php?oldid=1377508435,CC BY-SA 4.0
2023–24 Luton Town F.C. season,1353127387,https://en.wikipedia.org/w/index.php?oldid=1353127387,CC BY-SA 4.0
2023–24 Manchester City F.C. season,1377701081,https://en.wikipedia.org/w/index.php?oldid=1377701081,CC BY-SA 4.0
2023–24 Manchester United F.C. season,1367880659,https://en.wikipedia.org/w/index.php?oldid=1367880659,CC BY-SA 4.0
2023–24 Newcastle United F.C. season,1377529129,https://en.wikipedia.org/w/index.php?oldid=1377529129,CC BY-SA 4.0
2023–24 Nottingham Forest F.C. season,1377852872,https://en.wikipedia.org/w/index.php?oldid=1377852872,CC BY-SA 4.0
2023–24 Sheffield United F.C. season,1357492979,https://en.wikipedia.org/w/index.php?oldid=1357492979,CC BY-SA 4.0
2023–24 Tottenham Hotspur F.C. season,1377597519,https://en.wikipedia.org/w/index.php?oldid=1377597519,CC BY-SA 4.0
2023–24 West Ham United F.C. season,1373520018,https://en.wikipedia.org/w/index.php?oldid=1373520018,CC BY-SA 4.0
2023–24 Wolverhampton Wanderers F.C. season,1377614746,https://en.wikipedia.org/w/index.php?oldid=1377614746,CC BY-SA 4.0
2024–25 AFC Bournemouth season,1375153159,https://en.wikipedia.org/w/index.php?oldid=1375153159,CC BY-SA 4.0
2024–25 Arsenal F.C. season,1378012860,https://en.wikipedia.org/w/index.php?oldid=1378012860,CC BY-SA 4.0
2024–25 Aston Villa F.C. season,1376751861,https://en.wikipedia.org/w/index.php?oldid=1376751861,CC BY-SA 4.0
2024–25 Brentford F.C. season,1372377850,https://en.wikipedia.org/w/index.php?oldid=1372377850,CC BY-SA 4.0
2024–25 Brighton & Hove Albion F.C. season,1378021909,https://en.wikipedia.org/w/index.php?oldid=1378021909,CC BY-SA 4.0
2024–25 Chelsea F.C. season,1375763336,https://en.wikipedia.org/w/index.php?oldid=1375763336,CC BY-SA 4.0
2024–25 Crystal Palace F.C. season,1372807431,https://en.wikipedia.org/w/index.php?oldid=1372807431,CC BY-SA 4.0
2024–25 Everton F.C. season,1375901958,https://en.wikipedia.org/w/index.php?oldid=1375901958,CC BY-SA 4.0
2024–25 Fulham F.C. season,1370594055,https://en.wikipedia.org/w/index.php?oldid=1370594055,CC BY-SA 4.0
2024–25 Ipswich Town F.C. season,1373861019,https://en.wikipedia.org/w/index.php?oldid=1373861019,CC BY-SA 4.0
2024–25 Leicester City F.C. season,1372408110,https://en.wikipedia.org/w/index.php?oldid=1372408110,CC BY-SA 4.0
2024–25 Liverpool F.C. season,1376249043,https://en.wikipedia.org/w/index.php?oldid=1376249043,CC BY-SA 4.0
2024–25 Manchester City F.C. season,1378094405,https://en.wikipedia.org/w/index.php?oldid=1378094405,CC BY-SA 4.0
2024–25 Manchester United F.C. season,1376351341,https://en.wikipedia.org/w/index.php?oldid=1376351341,CC BY-SA 4.0
2024–25 Newcastle United F.C. season,1375018518,https://en.wikipedia.org/w/index.php?oldid=1375018518,CC BY-SA 4.0
2024–25 Nottingham Forest F.C. season,1378111550,https://en.wikipedia.org/w/index.php?oldid=1378111550,CC BY-SA 4.0
2024–25 Southampton F.C. season,1356452944,https://en.wikipedia.org/w/index.php?oldid=1356452944,CC BY-SA 4.0
2024–25 Tottenham Hotspur F.C. season,1369359901,https://en.wikipedia.org/w/index.php?oldid=1369359901,CC BY-SA 4.0
2024–25 West Ham United F.C. season,1356646880,https://en.wikipedia.org/w/index.php?oldid=1356646880,CC BY-SA 4.0
2024–25 Wolverhampton Wanderers F.C. season,1378173367,https://en.wikipedia.org/w/index.php?oldid=1378173367,CC BY-SA 4.0
2025–26 AFC Bournemouth season,1375153090,https://en.wikipedia.org/w/index.php?oldid=1375153090,CC BY-SA 4.0
2025–26 Arsenal F.C. season,1376913273,https://en.wikipedia.org/w/index.php?oldid=1376913273,CC BY-SA 4.0
2025–26 Aston Villa F.C. season,1377277697,https://en.wikipedia.org/w/index.php?oldid=1377277697,CC BY-SA 4.0
2025–26 Brentford F.C. season,1375896457,https://en.wikipedia.org/w/index.php?oldid=1375896457,CC BY-SA 4.0
2025–26 Brighton & Hove Albion F.C. season,1376893362,https://en.wikipedia.org/w/index.php?oldid=1376893362,CC BY-SA 4.0
2025–26 Burnley F.C. season,1376913063,https://en.wikipedia.org/w/index.php?oldid=1376913063,CC BY-SA 4.0
2025–26 Chelsea F.C. season,1376473786,https://en.wikipedia.org/w/index.php?oldid=1376473786,CC BY-SA 4.0
2025–26 Crystal Palace F.C. season,1377993784,https://en.wikipedia.org/w/index.php?oldid=1377993784,CC BY-SA 4.0
2025–26 Everton F.C. season,1376893407,https://en.wikipedia.org/w/index.php?oldid=1376893407,CC BY-SA 4.0
2025–26 Fulham F.C. season,1377860829,https://en.wikipedia.org/w/index.php?oldid=1377860829,CC BY-SA 4.0
2025–26 Liverpool F.C. season,1376248763,https://en.wikipedia.org/w/index.php?oldid=1376248763,CC BY-SA 4.0
2025–26 Manchester City F.C. season,1375601845,https://en.wikipedia.org/w/index.php?oldid=1375601845,CC BY-SA 4.0
2025–26 Manchester United F.C. season,1376913342,https://en.wikipedia.org/w/index.php?oldid=1376913342,CC BY-SA 4.0
2025–26 Newcastle United F.C. season,1377266064,https://en.wikipedia.org/w/index.php?oldid=1377266064,CC BY-SA 4.0
2025–26 Nottingham Forest F.C. season,1377852460,https://en.wikipedia.org/w/index.php?oldid=1377852460,CC BY-SA 4.0
2025–26 Sunderland A.F.C. season,1376912966,https://en.wikipedia.org/w/index.php?oldid=1376912966,CC BY-SA 4.0
2025–26 Tottenham Hotspur F.C. season,1375848836,https://en.wikipedia.org/w/index.php?oldid=1375848836,CC BY-SA 4.0
2025–26 West Ham United F.C. season,1376913078,https://en.wikipedia.org/w/index.php?oldid=1376913078,CC BY-SA 4.0
2025–26 Wolverhampton Wanderers F.C. season,1377527206,https://en.wikipedia.org/w/index.php?oldid=1377527206,CC BY-SA 4.0
2026–27 AFC Bournemouth season,1377714043,https://en.wikipedia.org/w/index.php?oldid=1377714043,CC BY-SA 4.0
2026–27 Arsenal F.C. season,1378057449,https://en.wikipedia.org/w/index.php?oldid=1378057449,CC BY-SA 4.0
2026–27 Aston Villa F.C. season,1378075521,https://en.wikipedia.org/w/index.php?oldid=1378075521,CC BY-SA 4.0
2026–27 Brentford F.C. season,1378057118,https://en.wikipedia.org/w/index.php?oldid=1378057118,CC BY-SA 4.0
2026–27 Brighton & Hove Albion F.C. season,1378012640,https://en.wikipedia.org/w/index.php?oldid=1378012640,CC BY-SA 4.0
2026–27 Chelsea F.C. season,1377481919,https://en.wikipedia.org/w/index.php?oldid=1377481919,CC BY-SA 4.0
2026–27 Coventry City F.C. season,1376467077,https://en.wikipedia.org/w/index.php?oldid=1376467077,CC BY-SA 4.0
2026–27 Crystal Palace F.C. season,1378216833,https://en.wikipedia.org/w/index.php?oldid=1378216833,CC BY-SA 4.0
2026–27 Everton F.C. season,1378059416,https://en.wikipedia.org/w/index.php?oldid=1378059416,CC BY-SA 4.0
2026–27 Fulham F.C. season,1376852376,https://en.wikipedia.org/w/index.php?oldid=1376852376,CC BY-SA 4.0
2026–27 Hull City A.F.C. season,1376814876,https://en.wikipedia.org/w/index.php?oldid=1376814876,CC BY-SA 4.0
2026–27 Ipswich Town F.C. season,1378049042,https://en.wikipedia.org/w/index.php?oldid=1378049042,CC BY-SA 4.0
2026–27 Liverpool F.C. season,1378425430,https://en.wikipedia.org/w/index.php?oldid=1378425430,CC BY-SA 4.0
2026–27 Manchester City F.C. season,1377805907,https://en.wikipedia.org/w/index.php?oldid=1377805907,CC BY-SA 4.0
2026–27 Manchester United F.C. season,1377242486,https://en.wikipedia.org/w/index.php?oldid=1377242486,CC BY-SA 4.0
2026–27 Newcastle United F.C. season,1377650738,https://en.wikipedia.org/w/index.php?oldid=1377650738,CC BY-SA 4.0
2026–27 Nottingham Forest F.C. season,1377852526,https://en.wikipedia.org/w/index.php?oldid=1377852526,CC BY-SA 4.0
2026–27 Sunderland A.F.C. season,1376893447,https://en.wikipedia.org/w/index.php?oldid=1376893447,CC BY-SA 4.0
2026–27 Tottenham Hotspur F.C. season,1376321335,https://en.wikipedia.org/w/index.php?oldid=1376321335,CC BY-SA 4.0
