team,alias
Arsenal,Gunners
Aston Villa,Villa
Brighton,Brighton & Hove Albion
Brighton,Seagulls
Crystal Palace,Palace
Leeds,Leeds United
Leicester,Leicester City
Man City,Manchester City
Man City,City
Man United,Manchester United
Man United,United
Newcastle,Newcastle United
Nott'm Forest,Nottingham Forest
Nott'm Forest,Forest
Tottenham,Tottenham Hotspur
Tottenham,Spurs
West Ham,West Ham United
West Brom,West Bromwich Albion
Wolves,Wolverhampton Wanderers
Hull,Hull City
Ipswich,Ipswich Town
Coventry,Coventry City
Sheffield United,Blades