venue_id,venue,team,aliases
emirates,Emirates Stadium,Arsenal,Emirates
villa_park,Villa Park,Aston Villa,
vitality,Vitality Stadium,Bournemouth,Dean Court
gtech,Gtech Community Stadium,Brentford,Brentford Community Stadium
amex,American Express Stadium,Brighton,Amex|Falmer Stadium
stamford_bridge,Stamford Bridge,Chelsea,
cbs_arena,Coventry Building Society Arena,Coventry,CBS Arena|Ricoh Arena
selhurst,Selhurst Park,Crystal Palace,
hill_dickinson,Hill Dickinson Stadium,Everton,Everton Stadium|Bramley-Moore Dock
goodison,Goodison Park,Everton,Goodison
craven_cottage,Craven Cottage,Fulham,
mkm,MKM Stadium,Hull,KCOM Stadium|KC Stadium
portman_road,Portman Road,Ipswich,
elland_road,Elland Road,Leeds,
anfield,Anfield,Liverpool,
etihad,Etihad Stadium,Man City,City of Manchester Stadium|Etihad
old_trafford,Old Trafford,Man United,
st_james,St James' Park,Newcastle,St James's Park
city_ground,City Ground,Nott'm Forest,
stadium_of_light,Stadium of Light,Sunderland,
tottenham_stadium,Tottenham Hotspur Stadium,Tottenham,
white_hart_lane,White Hart Lane,Tottenham,
wembley,Wembley Stadium,,Wembley
london_stadium,London Stadium,West Ham,Olympic Stadium
boleyn,Boleyn Ground,West Ham,Upton Park
molineux,Molineux Stadium,Wolves,Molineux
st_marys,St Mary's Stadium,Southampton,St Mary's
king_power,King Power Stadium,Leicester,
turf_moor,Turf Moor,Burnley,
cardiff_city_stadium,Cardiff City Stadium,Cardiff,
john_smiths,John Smith's Stadium,Huddersfield,Kirklees Stadium
kenilworth_road,Kenilworth Road,Luton,
riverside,Riverside Stadium,Middlesbrough,Riverside
carrow_road,Carrow Road,Norwich,
bramall_lane,Bramall Lane,Sheffield United,
bet365,bet365 Stadium,Stoke,Bet365 Stadium|Britannia Stadium
liberty,Liberty Stadium,Swansea,Swansea.com Stadium
vicarage_road,Vicarage Road,Watford,
hawthorns,The Hawthorns,West Brom,Hawthorns
