team,wiki_name
Arsenal,Arsenal F.C.
Aston Villa,Aston Villa F.C.
Bournemouth,AFC Bournemouth
Brentford,Brentford F.C.
Brighton,Brighton & Hove Albion F.C.
Burnley,Burnley F.C.
Cardiff,Cardiff City F.C.
Chelsea,Chelsea F.C.
Coventry,Coventry City F.C.
Crystal Palace,Crystal Palace F.C.
Everton,Everton F.C.
Fulham,Fulham F.C.
Huddersfield,Huddersfield Town A.F.C.
Hull,Hull City A.F.C.
Ipswich,Ipswich Town F.C.
Leeds,Leeds United F.C.
Leicester,Leicester City F.C.
Liverpool,Liverpool F.C.
Luton,Luton Town F.C.
Man City,Manchester City F.C.
Man United,Manchester United F.C.
Middlesbrough,Middlesbrough F.C.
Newcastle,Newcastle United F.C.
Norwich,Norwich City F.C.
Nott'm Forest,Nottingham Forest F.C.
Sheffield United,Sheffield United F.C.
Southampton,Southampton F.C.
Stoke,Stoke City F.C.
Sunderland,Sunderland A.F.C.
Swansea,Swansea City A.F.C.
Tottenham,Tottenham Hotspur F.C.
Watford,Watford F.C.
West Brom,West Bromwich Albion F.C.
West Ham,West Ham United F.C.
Wolves,Wolverhampton Wanderers F.C.